band_id,metric,strength_class,abs_min,abs_max,source_scale_value,basis,note
smd_g_slight,smd_hedges_g,slight,0,0.2,,Cohen conventions,|g| < 0.2
smd_g_moderate,smd_hedges_g,moderate,0.2,0.5,,Cohen conventions,0.2 <= |g| < 0.5
smd_g_strong,smd_hedges_g,strong,0.5,,,Cohen conventions,|g| >= 0.5
pct_slight,pct_change,slight,0,10,,scoping convention; ratify,|change| < 10 %
pct_moderate,pct_change,moderate,10,30,,scoping convention; ratify,10-30 %
pct_strong,pct_change,strong,30,,,scoping convention; ratify,> 30 %
lnrr_slight,ln_response_ratio,slight,0,0.10,,approx 10 % change,|lnRR| < 0.10
lnrr_moderate,ln_response_ratio,moderate,0.10,0.35,,approx 10-40 % change,
lnrr_strong,ln_response_ratio,strong,0.35,,,> approx 40 % change,
wocat_tol_not_well,ordinal_rating,strong,,,not well,"WOCAT QT 6.3 tolerance scale -> asset_sensitivity (adapter pending, PAUSE)",asset_sensitivity=high/very_high
wocat_tol_moderately,ordinal_rating,moderate,,,moderately,WOCAT QT 6.3,asset_sensitivity=moderate
wocat_tol_well,ordinal_rating,slight,,,well,WOCAT QT 6.3,asset_sensitivity=low
wocat_tol_very_well,ordinal_rating,unspecified,,,very well,WOCAT QT 6.3,asset_sensitivity=none
absolute_none,absolute,unspecified,,,,no generic band for absolute values; class stays unspecified,
narrative_none,narrative,unspecified,,,,"direction-only prose; contributes to sign, never strength",
