xw_id,ev_variable,target_table,target_key,polarity,proximity,weight_factor,rationale,ratified_by,ratified_date,note
erosion_hazard__T6__soil_erosion_risk,erosion_hazard,T6,soil_erosion_risk,same,direct,1.0,Erosion is not a T3 hazard_type; erosion reduction is the T5 nbs_response priority soil_erosion_risk. Outcome measured = target.,pete,2026-09-30,pilot seed (method doc section 4); consumer ratification at team review
runoff_reduction__T6__soil_erosion_risk,runoff_reduction,T6,soil_erosion_risk,same,component,0.7,"Runoff reduction is one mechanism component of erosion-risk reduction, not the target itself.",pete,2026-09-30,pilot seed (method doc section 4); consumer ratification at team review
carbon_sequestration__T6__carbon_sequestration_potential,carbon_sequestration,T6,carbon_sequestration_potential,same,direct,1.0,Direct hit on the T5 nbs_response priority.,pete,2026-09-30,pilot seed (method doc section 4); consumer ratification at team review
soil_organic_carbon__T6__carbon_sequestration_potential,soil_organic_carbon,T6,carbon_sequestration_potential,same,component,0.7,SOC is one pool of total sequestration; biomass carbon is the other.,pete,2026-09-30,pilot seed (method doc section 4); consumer ratification at team review
biodiversity_outcome__T6__biodiversity_priority,biodiversity_outcome,T6,biodiversity_priority,same,direct,1.0,Direct hit.,pete,2026-09-30,pilot seed (method doc section 4); consumer ratification at team review
crop_yield__T6__production_gap,crop_yield,T6,production_gap,inverted,direct,1.0,"Higher yield closes the production gap (T5 directionality high_is_bad), so the sign inverts.",pete,2026-09-30,pilot seed (method doc section 4); consumer ratification at team review
household_income__T6__rural_poverty,household_income,T6,rural_poverty,inverted,proxy,0.7,"Income is a proxy for poverty headcount (proximate-over-distal, T5 companion doc); named as proxy in the traceable account.",pete,2026-09-30,pilot seed (method doc section 4); consumer ratification at team review
food_security__T6__rural_poverty,food_security,T6,rural_poverty,inverted,proxy,0.7,Food security is a welfare proxy for poverty; named as proxy.,pete,2026-09-30,pilot seed (method doc section 4); consumer ratification at team review
economic_return__T6__rural_poverty,economic_return,T6,rural_poverty,inverted,proxy,0.7,Farm-level economic return is a proxy for poverty outcomes; named as proxy.,pete,2026-09-30,pilot seed (method doc section 4); consumer ratification at team review
drought_hazard__T3__drought,drought_hazard,T3,drought,same,direct,1.0,NbS effect on drought impact -> T3 livelihood_mitigation cell.,pete,2026-09-30,pilot seed (method doc section 4); consumer ratification at team review
drought_hazard__T6__drought_hazard,drought_hazard,T6,drought_hazard,same,direct,1.0,Same claim also feeds the T6 climate_hazard_mitigation row joined to the T5 climate_hazard priority.,pete,2026-09-30,pilot seed (method doc section 4); consumer ratification at team review
soil_water_retention__T3__drought,soil_water_retention,T3,drought,same,component,0.7,Soil water retention is a mechanism component of drought mitigation.,pete,2026-09-30,pilot seed (method doc section 4); consumer ratification at team review
flood_hazard__T3__flood,flood_hazard,T3,flood,same,direct,1.0,Direct.,pete,2026-09-30,pilot seed (method doc section 4); consumer ratification at team review
flood_hazard__T6__flood_hazard,flood_hazard,T6,flood_hazard,same,direct,1.0,T6 climate_hazard_mitigation row.,pete,2026-09-30,pilot seed (method doc section 4); consumer ratification at team review
fire_hazard__T3__fire,fire_hazard,T3,fire,same,direct,1.0,Fuel-load / fire-hazard outcomes -> T3 fire.,pete,2026-09-30,pilot seed (method doc section 4); consumer ratification at team review
wildfire_mitigation__T3__fire,wildfire_mitigation,T3,fire,same,direct,1.0,Alias-level outcome of fire_hazard; kept separate until VONT merges them.,pete,2026-09-30,pilot seed (method doc section 4); consumer ratification at team review
windbreak_protection__T3__wind_cyclone,windbreak_protection,T3,wind_cyclone,same,direct,1.0,Windbreak protection outcomes -> T3 wind_cyclone.,pete,2026-09-30,pilot seed (method doc section 4); consumer ratification at team review
microclimate_buffering__T3__heat_stress,microclimate_buffering,T3,heat_stress,same,component,0.7,"Microclimate buffering (shade, temperature) is a mechanism component of heat-stress mitigation.",pete,2026-09-30,pilot seed (method doc section 4); consumer ratification at team review
microclimate_buffering__T6__heat_stress_hazard,microclimate_buffering,T6,heat_stress_hazard,same,component,0.7,T6 climate_hazard_mitigation row for heat stress.,pete,2026-09-30,pilot seed (method doc section 4); consumer ratification at team review
project_cost__T6__establishment_cost,project_cost,T6,establishment_cost,same,direct,1.0,Only usable with a per-unit denominator (usd_per_ha etc.); raw project totals fail the section 7.7 gate.,pete,2026-09-30,pilot seed (method doc section 4); consumer ratification at team review
project_cost__T6__cost_per_hectare_restored,project_cost,T6,cost_per_hectare_restored,same,direct,1.0,When the source reports cost per hectare.,pete,2026-09-30,pilot seed (method doc section 4); consumer ratification at team review
