source_id,nbs_id,citation,printed_doi,crossref_title,overlap_citation,overlap_pdf,verdict
reforestation_planting_methods_2023,forest_restoration,"Reforestation success can be enhanced by improving tree planting methods. Journal of Environmental Management, 2023 (PubMed 36871451; PII S0",10.1016/j.jenvman.2023.117645,Reforestation success can be enhanced by improving tree planting methods,1.00,1.00,STRONG_candidate
cdm_afforestation_land_suitability_2008,forest_restoration,Zomer et al. (2008) Climate change mitigation: A spatial analysis of global land suitability for clean development mechanism afforestation a,10.1016/j.agee.2008.01.014,Climate change mitigation: A spatial analysis of global land suitability for clean development mechanism afforestation a,1.00,1.00,STRONG_candidate
excessive_afforestation_arid_china_2010,forest_restoration,Cao et al. (2010) Excessive reliance on afforestation in China's arid and semi-arid regions: Lessons in ecological restoration. Earth-Scienc,10.1016/j.earscirev.2010.11.002,Excessive reliance on afforestation in China's arid and semi-arid regions: Lessons in ecological restoration,1.00,1.00,STRONG_candidate
portfolio_theory_reforestation_climate_2008,forest_restoration,Crowe & Parker (2008) Using portfolio theory to guide reforestation and restoration under climate change scenarios. Climatic Change.,10.1007/s10584-007-9373-x,Using portfolio theory to guide reforestation and restoration under climate change scenarios,1.00,1.00,STRONG_candidate
farmland_afforestation_hotspots_scotland_2007,forest_restoration,(2007) Mapping hotspots of multiple landscape functions: a case study on farmland afforestation in Scotland. Landscape Ecology.,10.1007/s10980-007-9105-7,Mapping hotspots of multiple landscape functions: a case study on farmland afforestation in Scotland,1.00,1.00,STRONG_candidate
optimizing_afforestation_reforestation_degraded_2024,forest_restoration,(2024) Optimizing afforestation and reforestation strategies to enhance ecosystem services in critically degraded regions. (Elsevier).,10.1016/j.tfp.2024.100700,Optimizing afforestation and reforestation strategies to enhance ecosystem services in critically degraded regions,1.00,1.00,STRONG_candidate
large_seedling_survival_restorations_worldwide_2021,forest_restoration,Climate and species stress resistance modulate the higher survival of large seedlings in forest restorations worldwide (2021),10.1002/eap.2394,Climate and species stress resistance modulate the higher survival of large seedlings in forest restorations worldwide,1.00,1.00,STRONG_candidate
reforestation_failure_project_scale_mediterranean_dryland_2021,forest_restoration,Assessing reforestation failure at the project scale ... a case study in a Mediterranean Dryland. Science of the Total Environment (2021),10.1016/j.scitotenv.2021.148952,Assessing reforestation failure at the project scale: The margin for technical improvement under harsh conditions. A cas,0.62,1.00,STRONG_candidate
iufro_stanturf_climate_adaptive_restoration_reforestation_guidelines,forest_restoration,"Stanturf et al., Guidelines for Climate Adaptive Forest Restoration and Reforestation Projects. IUFRO/Elsevier (book)",10.1016/B978-0-443-34086-4.00002-5,The context for reforestation and restoration guidelines,0.75,1.00,STRONG_candidate
ethiopia_eshewa_microcatchment_adoption_2020,water_harvesting_conservation,"Farmers' Perceptions and Adoption of Micro Catchments for Improved Establishment of Agroforestry Trees in East Shewa Zone, Ethiopia (2020).",,,,,no_doi_printed_in_pdf
terraces_mitigate_2015_drought_ethiopia_2018,water_harvesting_conservation,(2018) Soil water management practices (terraces) helped to mitigate the 2015 drought in Ethiopia. Agricultural Water Management.,10.1016/j.agwat.2018.02.025,Soil water management practices (terraces) helped to mitigate the 2015 drought in Ethiopia,1.00,1.00,STRONG_candidate
wh_insitu_tied_ridge_yield_stability_2017,water_harvesting_conservation,"(2017). Minimum tillage, tied ridging and mulching for better maize yield and yield stability in the Central Highlands.",10.1016/j.still.2017.04.001,"Minimum tillage, tied ridging and mulching for better maize yield and yield stability in the Central Highlands of Kenya",0.92,1.00,STRONG_candidate
nyamadzawo_contour_ridges_zimbabwe_2013,water_harvesting_conservation,Assessing crop yield benefits from in situ rainwater harvesting through contour ridges in semi-arid Zimbabwe. Physics and Chemistry of the E,10.1016/j.pce.2013.09.010,A multiplier-based method of generating stochastic areal rainfall from point rainfalls,0.00,1.00,pdf_matches_citation_weak
page_nl_paludiculture_crop_suitability_model,wetland_management,Modeling crop suitability for rewetting landscapes in the Netherlands across present and future climate scenarios. Agricultural Water Manage,10.1016/j.agwat.2026.110190,Modeling crop suitability for rewetting landscapes in the Netherlands across present and future climate scenarios,1.00,1.00,STRONG_candidate
cheng_2020_us_nitrate_removal_wetland_restoration,wetland_management,"Cheng, F.Y. et al. (2020) Maximizing US nitrate removal through wetland protection and restoration. Nature 588.",10.1038/s41586-020-03042-5,Maximizing US nitrate removal through wetland protection and restoration,1.00,1.00,STRONG_candidate
erwin_2009_wetland_restoration_climate_change,wetland_management,"Erwin, K.L. (2009) Wetlands and global climate change: the role of wetland restoration in a changing world. Wetlands Ecology and Management ",10.1007/s11273-008-9119-1,Wetlands and global climate change: the role of wetland restoration in a changing world,1.00,1.00,STRONG_candidate
upper_mississippi_flood_reduction_1995,wetland_management,"Hey, D.L. & Philippi, N.S. (1995). Flood Reduction through Wetland Restoration: The Upper Mississippi River Basin as a Case History. Restora",10.1111/j.1526-100X.1995.tb00070.x,Flood Reduction through Wetland Restoration: The Upper Mississippi River Basin as a Case History,1.00,0.00,mismatch
synoptic_prioritize_flood_attenuation_2000,wetland_management,A synoptic assessment for prioritizing wetland restoration efforts to optimize flood attenuation (2000).,,,,,no_doi_printed_in_pdf
spatial_targeting_floodplain_equity_2020,wetland_management,Spatial targeting of floodplain restoration to equitably mitigate flood risk (2020).,10.1016/j.gloenvcha.2020.102050,Spatial targeting of floodplain restoration to equitably mitigate flood risk,1.00,1.00,STRONG_candidate
floodplain_restoration_flood_risk_lower_missouri_2015,wetland_management,"The Role of Floodplain Restoration in Mitigating Flood Risk, Lower Missouri River, USA (2015).",,,,,no_doi_printed_in_pdf
wetland_restoration_prioritizing_reduce_drought_2018,wetland_management,"Wetland restoration prioritizing, a tool to reduce negative effects of drought (2018).",10.1016/j.ecoleng.2017.12.031,"Wetland restoration prioritizing, a tool to reduce negative effects of drought; An application of multicriteria-spatial ",0.50,1.00,STRONG_candidate
comparing_mcda_prioritize_wetland_sites_2017,wetland_management,Comparing Two Multi-Criteria Methods for Prioritizing Wetland Restoration and Creation Sites (2017).,10.1016/j.envsci.2022.02.022,Comparing normative and descriptive methods for multi-criteria decision analysis: A case study evaluating wetland restor,0.43,1.00,pdf_matches_citation_weak
floodplain_stage0_flood_attenuation_2022,wetland_management,Impact of floodplain and Stage 0 stream restoration on flood attenuation and floodplain expansion (2022).,10.1111/1752-1688.13073,Impact of floodplain and Stage 0 stream restoration on flood attenuation and floodplain exchange during small frequent s,0.55,1.00,STRONG_candidate
wetland_solutions_extreme_flood_drought_efficiency_2023,wetland_management,Wetland-based solutions against extreme flood and severe drought: efficiency evaluation of risk mitigation (2023). Climate Risk Management.,10.1016/j.crm.2023.100505,Wetland-based solutions against extreme flood and severe drought: Efficiency evaluation of risk mitigation,1.00,1.00,STRONG_candidate
oa_semiarid_created_wetland_water_quality_2007,wetland_management,Creating wetlands for the improvement of water quality and landscape restoration in semi-arid zones degraded by agriculture (2007).,10.1016/j.ecoleng.2006.07.001,Creating wetlands for the improvement of water quality and landscape restoration in semi-arid zones degraded by intensiv,0.85,1.00,STRONG_candidate
creating_riverine_wetlands_nutrient_pulsing_2005,wetland_management,"Mitsch et al. (2005) Creating riverine wetlands: Ecological succession, nutrient retention, and pulsing effects. Ecological Engineering.",10.1016/j.ecoleng.2005.04.014,"Creating riverine wetlands: Ecological succession, nutrient retention, and pulsing effects",1.00,1.00,STRONG_candidate
