evidence_id,source_id,nbs_id,use_role,variable,ruleset_version,missing_numbers,keys,kind,suggested
ev_crop_yield_majaura25_1,majaura_2025_barley_alley_cropping_drought_year,agroforestry,nbs_effect,crop_yield,v1.6.2,2019,outcome_raw,citation_year,move citation to context.note
ev_food_security_thorlak12_1,thorlakson_2012_af_vulnerability_kenya,agroforestry,nbs_effect,food_security,v1.6.2,2010,outcome_raw,citation_year,move citation to context.note
ev_household_income_thorlak12_1,thorlakson_2012_af_vulnerability_kenya,agroforestry,nbs_effect,household_income,v1.6.2,2009,outcome_raw,citation_year,move citation to context.note
ev_t6_ecosvc_firewood_castle21_12,castle_sr_2021,agroforestry,nbs_effect,ecosystem_service,v1.6.0,2012,legacy,citation_year,move citation to context.note
ev_biodiversity_outcome_liebsch08_3,atlantic_rainforest_recovery_time_2008,forest_restoration,nbs_effect,biodiversity_outcome,v1.6.2,2000,outcome_raw,citation_year,move citation to context.note
ev_crop_yield_mezgebo26_2,mezgebo_2026_exclosure_crop_yields_drought,forest_restoration,nbs_effect,crop_yield,v1.6.2,2023,outcome_raw,citation_year,move citation to context.note
ev_flood_hazard_mcivor12_3,mcivor_2012_storm_surge_mangroves,forest_restoration,nbs_effect,flood_hazard,v1.6.2,2004,outcome_raw,citation_year,move citation to context.note
ev_flood_hazard_mcivor12_4,mcivor_2012_storm_surge_mangroves,forest_restoration,nbs_effect,flood_hazard,v1.6.2,2005,outcome_raw,citation_year,move citation to context.note
ev_flood_hazard_mcivor12_9,mcivor_2012_storm_surge_mangroves,forest_restoration,nbs_effect,flood_hazard,v1.6.2,1999,outcome_raw,citation_year,move citation to context.note
ev_landscape_forest_cover_ceballos21_1,ceballos_2021_mfc_sierra_norte_puebla,forest_restoration,nbs_effect,landscape_forest_cover,v1.6.2,2003|2017,outcome_raw,citation_year,move citation to context.note
ev_project_cost_evans15_1,anr_carbon_farming_cost_2015,forest_restoration,nbs_effect,project_cost,v1.6.2,2013,note,citation_year,move citation to context.note
ev_project_cost_evans15_2,anr_carbon_farming_cost_2015,forest_restoration,nbs_effect,project_cost,v1.6.2,2013,note,citation_year,move citation to context.note
ev_project_cost_evans15_3,anr_carbon_farming_cost_2015,forest_restoration,nbs_effect,project_cost,v1.6.2,2013,note,citation_year,move citation to context.note
ev_project_cost_evans15_4,anr_carbon_farming_cost_2015,forest_restoration,nbs_effect,project_cost,v1.6.2,2013,note,citation_year,move citation to context.note
ev_project_cost_evans15_5,anr_carbon_farming_cost_2015,forest_restoration,nbs_effect,project_cost,v1.6.2,2013,note,citation_year,move citation to context.note
ev_project_cost_evans15_6,anr_carbon_farming_cost_2015,forest_restoration,nbs_effect,project_cost,v1.6.2,2013,note,citation_year,move citation to context.note
ev_project_cost_evans15_7,anr_carbon_farming_cost_2015,forest_restoration,nbs_effect,project_cost,v1.6.2,2013,note,citation_year,move citation to context.note
ev_project_cost_hernmel17_1,hernandez_melchor_2017_manglares_tabasco_reforestacion,forest_restoration,nbs_effect,project_cost,v1.6.2,2009,outcome_raw,citation_year,move citation to context.note
ev_project_cost_wbmang25_1,wb_2025_mangroves_coastal_resilience_bangladesh,forest_restoration,nbs_effect,project_cost,v1.6.2,2020,outcome_raw,citation_year,move citation to context.note
ev_rural_poverty_iufro20_2,iufro_2020_gfep_forests_poverty,forest_restoration,nbs_effect,rural_poverty,v1.6.2,2000|2012,outcome_raw,citation_year,move citation to context.note
ev_water_regulation_teo22_1,reforest_water_yield_drought_risk_2022,forest_restoration,nbs_effect,water_yield,v1.6.2,2041|2070,outcome_raw,citation_year,move citation to context.note
ev_water_regulation_teo22_2,reforest_water_yield_drought_risk_2022,forest_restoration,nbs_effect,water_yield,v1.6.2,2041|2070,outcome_raw,citation_year,move citation to context.note
ev_water_regulation_teo22_3,reforest_water_yield_drought_risk_2022,forest_restoration,nbs_effect,water_yield,v1.6.2,2041|2070,outcome_raw,citation_year,move citation to context.note
ev_water_regulation_teo22_4,reforest_water_yield_drought_risk_2022,forest_restoration,nbs_effect,water_yield,v1.6.2,2041|2070,outcome_raw,citation_year,move citation to context.note
ev_adoption_rate_kar20_7,wb_2020_karnataka2_watershed_icr,water_harvesting_conservation,operational_risk,adoption_rate,v1.6.0,2019,outcome_raw,citation_year,move citation to context.note
ev_economic_return_mrt14_4,wb_2014_mauritania_cbwm_icr,water_harvesting_conservation,nbs_effect,economic_return,v1.6.0,2010,note,citation_year,move citation to context.note
ev_economic_return_mrt14_5,wb_2014_mauritania_cbwm_icr,water_harvesting_conservation,nbs_effect,economic_return,v1.6.0,2010,note,citation_year,move citation to context.note
ev_flood_damage_veno12_1,venot_2012,water_harvesting_conservation,asset_vulnerability,flood_hazard,v1.6.0,2007,outcome_raw,citation_year,move citation to context.note
ev_household_income_lasage08_1,lasage_2008_sand_dams_kitui,water_harvesting_conservation,nbs_effect,household_income,v1.6.2,1995|2005,outcome_raw,citation_year,move citation to context.note
ev_runoff_reduction_kar20_1,wb_2020_karnataka2_watershed_icr,water_harvesting_conservation,nbs_effect,runoff_reduction,v1.6.0,2019,note,citation_year,move citation to context.note
ev_carbon_sequestration_ipccar6_5,ipcc_ar6_wg3_ch7_2022,agroforestry,nbs_effect,carbon_sequestration,v1.6.0,6,outcome_raw,gloss_text_number,review: number from text outside quote → widen quote or drop number
ev_carbon_sequestration_santos25_8,santos_2025_pt,agroforestry,nbs_effect,carbon_sequestration,v1.6.0,13,outcome_raw,gloss_text_number,review: number from text outside quote → widen quote or drop number
ev_crop_yield_gateau18_1,gateau_rey_2018_el_nino_cocoa_bahia,agroforestry,asset_vulnerability,crop_yield,v1.6.2,16,outcome_raw,gloss_text_number,review: number from text outside quote → widen quote or drop number
ev_crop_yield_gateau18_2,gateau_rey_2018_el_nino_cocoa_bahia,agroforestry,nbs_effect,crop_yield,v1.6.2,31,outcome_raw,gloss_text_number,review: number from text outside quote → widen quote or drop number
ev_crop_yield_mensah23_1,mensah_2023_shade_drought_cocoa_yield,agroforestry,nbs_effect,crop_yield,v1.6.2,40,outcome_raw,gloss_text_number,review: number from text outside quote → widen quote or drop number
ev_crop_yield_morel24_1,morel_2024_af_yields_climate_shock,agroforestry,nbs_effect,crop_yield,v1.6.2,16|2015,outcome_raw,gloss_text_number,review: number from text outside quote → widen quote or drop number
ev_crop_yield_nasiel15_2,nasielski_2015_soybean_af_water_stress,agroforestry,nbs_effect,yield_stability,v1.6.2,40,outcome_raw,gloss_text_number,review: number from text outside quote → widen quote or drop number
ev_economic_return_ferraz24_1,ferraz_2024_pt,agroforestry,nbs_effect,economic_return,v1.6.0,17,note|outcome_raw,gloss_text_number,review: number from text outside quote → widen quote or drop number
ev_erosion_hazard_muchane20_2,muchane_2020,agroforestry,nbs_effect,erosion_hazard,v1.6.0,71,outcome_raw,gloss_text_number,review: number from text outside quote → widen quote or drop number
ev_erosion_hazard_muchane20_3,muchane_2020,agroforestry,nbs_effect,erosion_hazard,v1.6.0,59,outcome_raw,gloss_text_number,review: number from text outside quote → widen quote or drop number
ev_establishment_survival_gateau18_1,gateau_rey_2018_el_nino_cocoa_bahia,agroforestry,asset_vulnerability,establishment_survival,v1.6.2,16|2015,outcome_raw,gloss_text_number,review: number from text outside quote → widen quote or drop number
ev_establishment_survival_gateau18_2,gateau_rey_2018_el_nino_cocoa_bahia,agroforestry,asset_vulnerability,establishment_survival,v1.6.2,16|2015,outcome_raw,gloss_text_number,review: number from text outside quote → widen quote or drop number
ev_food_security_thorlak12_2,thorlakson_2012_af_vulnerability_kenya,agroforestry,nbs_effect,food_security,v1.6.2,10|2009,outcome_raw,gloss_text_number,review: number from text outside quote → widen quote or drop number
ev_microclimate_buffering_mensah23_1,mensah_2023_shade_drought_cocoa_yield,agroforestry,nbs_effect,microclimate_buffering,v1.6.2,40,outcome_raw,gloss_text_number,review: number from text outside quote → widen quote or drop number
ev_microclimate_buffering_seghieri19_4,seghieri_2019_fr,agroforestry,nbs_effect,microclimate_buffering,v1.6.0,5,outcome_raw,gloss_text_number,review: number from text outside quote → widen quote or drop number
ev_soil_nitrogen_muchane20_1,muchane_2020,agroforestry,nbs_effect,soil_nitrogen,v1.6.0,95,outcome_raw,gloss_text_number,review: number from text outside quote → widen quote or drop number
ev_soil_nitrogen_muchane20_2,muchane_2020,agroforestry,nbs_effect,soil_nitrogen,v1.6.0,95,outcome_raw,gloss_text_number,review: number from text outside quote → widen quote or drop number
ev_soil_organic_carbon_muchane20_1,muchane_2020,agroforestry,nbs_effect,soil_organic_carbon,v1.6.0,95,outcome_raw,gloss_text_number,review: number from text outside quote → widen quote or drop number
ev_soil_permeability_basche19_1,basche_2019,agroforestry,nbs_effect,soil_permeability,v1.6.0,95,outcome_raw,gloss_text_number,review: number from text outside quote → widen quote or drop number
ev_tenure_security_fesenmyer25_1,fesenmyer_2025,agroforestry,operational_risk,tenure_security,,116|195|40,note,gloss_text_number,review: number from text outside quote → widen quote or drop number
ev_wind_cyclone_hazard_philpott08_7,philpott_2008,agroforestry,asset_vulnerability,wind_cyclone_hazard,v1.6.0,1|3,outcome_raw,gloss_text_number,review: number from text outside quote → widen quote or drop number
ev_biodiversity_outcome_inrae23_4,inrae_2023_plantation_vs_regeneration_biodiversite,forest_restoration,nbs_effect,biodiversity_outcome,v1.6.2,10|16,outcome_raw,gloss_text_number,review: number from text outside quote → widen quote or drop number
ev_biodiversity_outcome_inrae23_6,inrae_2023_plantation_vs_regeneration_biodiversite,forest_restoration,nbs_effect,biodiversity_outcome,v1.6.2,10,outcome_raw,gloss_text_number,review: number from text outside quote → widen quote or drop number
ev_biodiversity_outcome_liebsch08_1,atlantic_rainforest_recovery_time_2008,forest_restoration,nbs_effect,biodiversity_outcome,v1.6.2,18,outcome_raw,gloss_text_number,review: number from text outside quote → widen quote or drop number
ev_biodiversity_outcome_poorter21_1,poorter_2021_multidimensional_recovery,forest_restoration,nbs_effect,biodiversity_outcome,v1.6.2,90,outcome_raw,gloss_text_number,review: number from text outside quote → widen quote or drop number
ev_biodiversity_outcome_wydhayagarn09_1,framework_sp_seedling_recruit_dryforest_2009,forest_restoration,nbs_effect,biodiversity_outcome,v1.6.2,36|8,outcome_raw,gloss_text_number,review: number from text outside quote → widen quote or drop number
ev_carbon_sequestration_bernal18_2,bernal_2018_co2_removal_flr,forest_restoration,nbs_effect,carbon_sequestration,v1.6.2,0,outcome_raw,gloss_text_number,review: number from text outside quote → widen quote or drop number
ev_carbon_sequestration_bernal18_3,bernal_2018_co2_removal_flr,forest_restoration,nbs_effect,carbon_sequestration,v1.6.2,0,outcome_raw,gloss_text_number,review: number from text outside quote → widen quote or drop number
ev_carbon_sequestration_bernal18_4,bernal_2018_co2_removal_flr,forest_restoration,nbs_effect,carbon_sequestration,v1.6.2,60,outcome_raw,gloss_text_number,review: number from text outside quote → widen quote or drop number
ev_carbon_sequestration_busch24_2,bukoski_2024_ncc_cost_effectiveness,forest_restoration,nbs_effect,carbon_sequestration,v1.6.2,30,outcome_raw,gloss_text_number,review: number from text outside quote → widen quote or drop number
ev_drought_hazard_preece23_1,reforestation_planting_methods_2023,forest_restoration,asset_vulnerability,drought_hazard,v1.6.2,6,outcome_raw,gloss_text_number,review: number from text outside quote → widen quote or drop number
ev_economic_return_gefieo19_1,gefieo_2019_vfm_sfm,forest_restoration,nbs_effect,economic_return,v1.6.2,1|2.4,outcome_raw,gloss_text_number,review: number from text outside quote → widen quote or drop number
ev_economic_return_ifrc11_1,ifrc_2011_mangrove_vietnam_cba,forest_restoration,nbs_effect,economic_return,v1.6.2,1994|2025|5,outcome_raw,gloss_text_number,review: number from text outside quote → widen quote or drop number
ev_economic_return_ifrc11_2,ifrc_2011_mangrove_vietnam_cba,forest_restoration,nbs_effect,economic_return,v1.6.2,1994|20|2025|5,outcome_raw,gloss_text_number,review: number from text outside quote → widen quote or drop number
ev_establishment_survival_delcampo21_1,reforestation_failure_project_scale_mediterranean_dryland_2021,forest_restoration,asset_vulnerability,establishment_survival,v1.6.2,3,outcome_raw,gloss_text_number,review: number from text outside quote → widen quote or drop number
ev_establishment_survival_hernmel17_1,hernandez_melchor_2017_manglares_tabasco_reforestacion,forest_restoration,nbs_effect,establishment_survival,v1.6.2,19|2009,outcome_raw,gloss_text_number,review: number from text outside quote → widen quote or drop number
ev_establishment_survival_keyes97_1,keyes_anduaga_1997_reforestacion_costos_chontalpa,forest_restoration,nbs_effect,establishment_survival,v1.6.2,8,outcome_raw,gloss_text_number,review: number from text outside quote → widen quote or drop number
ev_establishment_survival_keyes97_2,keyes_anduaga_1997_reforestacion_costos_chontalpa,forest_restoration,asset_vulnerability,establishment_survival,v1.6.2,13,outcome_raw,gloss_text_number,review: number from text outside quote → widen quote or drop number
ev_establishment_survival_kodikara17_4,kodikara_2017_mangrove_restoration_sri_lanka,forest_restoration,operational_risk,establishment_survival,v1.6.2,5,outcome_raw,gloss_text_number,review: number from text outside quote → widen quote or drop number
ev_flood_hazard_bahremand06_1,reforestation_flood_wetspa_hornad_2006,forest_restoration,nbs_effect,flood_hazard,v1.6.2,2001|50,outcome_raw,gloss_text_number,review: number from text outside quote → widen quote or drop number
ev_flood_hazard_bahremand06_3,reforestation_flood_wetspa_hornad_2006,forest_restoration,nbs_effect,flood_hazard,v1.6.2,20|5|80,outcome_raw,gloss_text_number,review: number from text outside quote → widen quote or drop number
ev_flood_hazard_bahremand06_5,reforestation_flood_wetspa_hornad_2006,forest_restoration,nbs_effect,flood_hazard,v1.6.2,53,outcome_raw,gloss_text_number,review: number from text outside quote → widen quote or drop number
ev_flood_hazard_wbmang25_1,wb_2025_mangroves_coastal_resilience_bangladesh,forest_restoration,nbs_effect,flood_hazard,v1.6.2,15|268,outcome_raw,gloss_text_number,review: number from text outside quote → widen quote or drop number
ev_food_security_rasolofoson18_2,rasolofoson_2018_forests_childrens_diet,forest_restoration,nbs_effect,food_security,v1.6.2,14,outcome_raw,gloss_text_number,review: number from text outside quote → widen quote or drop number
ev_household_income_gefieo19_1,gefieo_2019_vfm_sfm,forest_restoration,nbs_effect,household_income,v1.6.2,163|353|40|50|60,outcome_raw,gloss_text_number,review: number from text outside quote → widen quote or drop number
ev_project_cost_su21_1,su_2021_mangrove_restoration_meta,forest_restoration,nbs_effect,project_cost,v1.6.2,20,outcome_raw,gloss_text_number,review: number from text outside quote → widen quote or drop number
ev_wind_cyclone_hazard_ifrc11_1,ifrc_2011_mangrove_vietnam_cba,forest_restoration,nbs_effect,wind_cyclone_hazard,v1.6.2,835|9,outcome_raw,gloss_text_number,review: number from text outside quote → widen quote or drop number
ev_wind_cyclone_hazard_ifrc11_2,ifrc_2011_mangrove_vietnam_cba,forest_restoration,nbs_effect,wind_cyclone_hazard,v1.6.2,1010|11|2006,outcome_raw,gloss_text_number,review: number from text outside quote → widen quote or drop number
ev_wind_cyclone_hazard_mcivor12_1,mcivor_2012_storm_surge_mangroves,forest_restoration,nbs_effect,wind_cyclone_hazard,v1.6.2,50,outcome_raw,gloss_text_number,review: number from text outside quote → widen quote or drop number
ev_adoption_rate_roose94_1,roose_1994_gces_fr,water_harvesting_conservation,operational_risk,adoption_rate,v1.6.0,000|300|300000,outcome_raw,gloss_text_number,review: number from text outside quote → widen quote or drop number
ev_agricultural_production_value_schmidt12_3,schmidt_tadesse_2012_essp_wp42_slwm,water_harvesting_conservation,nbs_effect,agricultural_production_value,v1.6.0,1|1992|2009|2010|3,outcome_raw,gloss_text_number,review: number from text outside quote → widen quote or drop number
ev_asset_siltation_saru19_4,saruchera_2019,water_harvesting_conservation,asset_vulnerability,water_access_deficit,v1.6.0,3,outcome_raw,gloss_text_number,review: number from text outside quote → widen quote or drop number
ev_crop_yield_pittel15_2,pittelkow_2015_ca_productivity_nature,water_harvesting_conservation,nbs_effect,crop_yield,v1.6.2,0.65,outcome_raw,gloss_text_number,review: number from text outside quote → widen quote or drop number
ev_crop_yield_roose94_2,roose_1994_gces_fr,water_harvesting_conservation,nbs_effect,crop_yield,v1.6.0,239,outcome_raw,gloss_text_number,review: number from text outside quote → widen quote or drop number
ev_crop_yield_roose94_6,roose_1994_gces_fr,water_harvesting_conservation,nbs_effect,crop_yield,v1.6.0,2,outcome_raw,gloss_text_number,review: number from text outside quote → widen quote or drop number
ev_crop_yield_rusin11_7,rusinamhodzi_2011_ca_maize_meta,water_harvesting_conservation,nbs_effect,crop_yield,v1.6.2,92,outcome_raw,gloss_text_number,review: number from text outside quote → widen quote or drop number
ev_crop_yield_rwa18_7,wb_2018_rwanda_lwh_icr,water_harvesting_conservation,nbs_effect,crop_yield,v1.6.0,2.6|24|4,note|outcome_raw,gloss_text_number,review: number from text outside quote → widen quote or drop number
ev_crop_yield_thierf15_2,thierfelder_2015_ca_dt_germplasm_mozambique,water_harvesting_conservation,nbs_effect,crop_yield,v1.6.2,11,outcome_raw,gloss_text_number,review: number from text outside quote → widen quote or drop number
ev_crop_yield_utk22_8,wb_2022_uttarakhand2_watershed_icr,water_harvesting_conservation,nbs_effect,crop_yield,v1.6.0,4,note,gloss_text_number,review: number from text outside quote → widen quote or drop number
ev_economic_return_rwa18_8,wb_2018_rwanda_lwh_icr,water_harvesting_conservation,nbs_effect,economic_return,v1.6.0,12|2018,note|outcome_raw,gloss_text_number,review: number from text outside quote → widen quote or drop number
ev_economic_return_rwa18_9,wb_2018_rwanda_lwh_icr,water_harvesting_conservation,nbs_effect,economic_return,v1.6.0,12|2018,note|outcome_raw,gloss_text_number,review: number from text outside quote → widen quote or drop number
ev_erosion_hazard_roose06_2_s,roose_2006_terrasses_afrique_fr,water_harvesting_conservation,nbs_effect,erosion_hazard,v1.6.1,10,outcome_raw,gloss_text_number,review: number from text outside quote → widen quote or drop number
ev_erosion_hazard_roose06_4,roose_2006_terrasses_afrique_fr,water_harvesting_conservation,nbs_effect,erosion_hazard,v1.6.0,1,outcome_raw,gloss_text_number,review: number from text outside quote → widen quote or drop number
ev_erosion_hazard_rwa18_2,wb_2018_rwanda_lwh_icr,water_harvesting_conservation,nbs_effect,erosion_hazard,v1.6.0,2.6|54,note,gloss_text_number,review: number from text outside quote → widen quote or drop number
ev_erosion_hazard_utk22_3,wb_2022_uttarakhand2_watershed_icr,water_harvesting_conservation,nbs_effect,erosion_hazard,v1.6.0,2|3.2,note,gloss_text_number,review: number from text outside quote → widen quote or drop number
ev_erosion_hazard_yem12_5,wb_2012_yemen_gscp_icr,water_harvesting_conservation,nbs_effect,erosion_hazard,v1.6.0,5,note,gloss_text_number,review: number from text outside quote → widen quote or drop number
ev_extension_governance_yem12_10,wb_2012_yemen_gscp_icr,water_harvesting_conservation,operational_risk,extension_governance,v1.6.0,5,note,gloss_text_number,review: number from text outside quote → widen quote or drop number
ev_flood_hazard_utk22_7,wb_2022_uttarakhand2_watershed_icr,water_harvesting_conservation,nbs_effect,flood_hazard,v1.6.0,3,note,gloss_text_number,review: number from text outside quote → widen quote or drop number
ev_flood_hazard_yem12_3,wb_2012_yemen_gscp_icr,water_harvesting_conservation,asset_vulnerability,flood_hazard,v1.6.0,5,note,gloss_text_number,review: number from text outside quote → widen quote or drop number
ev_forage_productivity_mrt14_3,wb_2014_mauritania_cbwm_icr,water_harvesting_conservation,nbs_effect,forage_productivity,v1.6.0,7,note,gloss_text_number,review: number from text outside quote → widen quote or drop number
ev_groundwater_recharge_potential_yem12_1,wb_2012_yemen_gscp_icr,water_harvesting_conservation,nbs_effect,groundwater_recharge_potential,v1.6.0,2,note,gloss_text_number,review: number from text outside quote → widen quote or drop number
ev_groundwater_recharge_potential_yem12_2,wb_2012_yemen_gscp_icr,water_harvesting_conservation,nbs_effect,groundwater_recharge_potential,v1.6.0,100|23|38|5,note,gloss_text_number,review: number from text outside quote → widen quote or drop number
ev_household_income_kar20_3,wb_2020_karnataka2_watershed_icr,water_harvesting_conservation,nbs_effect,household_income,v1.6.0,36,note|outcome_raw,gloss_text_number,review: number from text outside quote → widen quote or drop number
ev_household_income_kar20_4,wb_2020_karnataka2_watershed_icr,water_harvesting_conservation,nbs_effect,household_income,v1.6.0,7,note,gloss_text_number,review: number from text outside quote → widen quote or drop number
ev_livestock_productivity_lazurko24_1,lazurko_2024_sand_dams_zimbabwe,water_harvesting_conservation,nbs_effect,livestock_productivity,v1.6.2,19,outcome_raw,gloss_text_number,review: number from text outside quote → widen quote or drop number
ev_ndvi_neuf17_1,neufeld_2017_mcc_sand_dam_assessment,water_harvesting_conservation,nbs_effect,ndvi,v1.6.0,100,outcome_raw,gloss_text_number,review: number from text outside quote → widen quote or drop number
ev_project_cost_hp17_3,wb_2017_hp_midhimalayan_icr,water_harvesting_conservation,nbs_effect,project_cost,v1.6.0,2006|2017|53.9,note,gloss_text_number,review: number from text outside quote → widen quote or drop number
ev_project_cost_hp17_4,wb_2017_hp_midhimalayan_icr,water_harvesting_conservation,nbs_effect,project_cost,v1.6.0,53.9,note,gloss_text_number,review: number from text outside quote → widen quote or drop number
ev_project_cost_hp17_5,wb_2017_hp_midhimalayan_icr,water_harvesting_conservation,nbs_effect,project_cost,v1.6.0,53.9,note,gloss_text_number,review: number from text outside quote → widen quote or drop number
ev_project_cost_yem12_8,wb_2012_yemen_gscp_icr,water_harvesting_conservation,nbs_effect,project_cost,v1.6.0,2012|5,note|outcome_raw,gloss_text_number,review: number from text outside quote → widen quote or drop number
ev_recurrent_cost_yem12_11,wb_2012_yemen_gscp_icr,water_harvesting_conservation,operational_risk,recurrent_cost,v1.6.0,5|7,note,gloss_text_number,review: number from text outside quote → widen quote or drop number
ev_runoff_reduction_heusch95_1,heusch_1995_banquette_fr,water_harvesting_conservation,nbs_effect,runoff_reduction,v1.6.0,18|38|77,outcome_raw,gloss_text_number,review: number from text outside quote → widen quote or drop number
ev_runoff_reduction_iegind11_6,ieg_2011_india_watershed_cluster_ppar,water_harvesting_conservation,nbs_effect,runoff_reduction,v1.6.0,63|64,outcome_raw,gloss_text_number,review: number from text outside quote → widen quote or drop number
ev_sediment_retention_iegmar09_3,ieg_2009_morocco_lakhdar_ppar,water_harvesting_conservation,nbs_effect,sediment_retention,v1.6.0,1|27,outcome_raw,gloss_text_number,review: number from text outside quote → widen quote or drop number
ev_tenure_security_iegind11_13,ieg_2011_india_watershed_cluster_ppar,water_harvesting_conservation,operational_risk,tenure_security,v1.6.0,19,outcome_raw,gloss_text_number,review: number from text outside quote → widen quote or drop number
ev_crop_yield_santos25_5,santos_2025_pt,agroforestry,nbs_effect,crop_yield,v1.6.0,2,outcome_raw,number_word_gloss,gloss rewrite or accept
ev_drought_hazard_ieg20_4,ieg_ethiopia_slmp_ppar_2020,agroforestry,nbs_effect,drought_hazard,v1.6.0,1,outcome_raw,number_word_gloss,gloss rewrite or accept
ev_economic_return_ferraz24_2,ferraz_2024_pt,agroforestry,nbs_effect,economic_return,v1.6.0,2,outcome_raw,number_word_gloss,gloss rewrite or accept
ev_biodiversity_outcome_roose93_1,roose_1993_zai_fr,water_harvesting_conservation,nbs_effect,biodiversity_outcome,v1.6.0,2,outcome_raw,number_word_gloss,gloss rewrite or accept
EV_ijbcs_rna_mali_2020_003,ijbcs_rna_mali_2020,agroforestry,operational_risk,extension_governance,v1.2,1,significance,other,review
EV_ijbcs_rna_mali_2020_006,ijbcs_rna_mali_2020,agroforestry,operational_risk,tenure_security,v1.2,0.097,logit_coef,other,review
ev_crop_yield_faosen24_10,fao_2024_senegal_fr,agroforestry,nbs_effect,crop_yield,v1.6.0,1,,other,review
ev_crop_yield_reed17_1,reed_2017,agroforestry,nbs_effect,crop_yield,v1.6.0,1,,other,review
ev_economic_return_ferraz24_9,ferraz_2024_pt,agroforestry,nbs_effect,economic_return,v1.6.0,5,,other,review
ev_economic_return_place05_3,place_2005_ifpri_rr142,agroforestry,nbs_effect,economic_return,v1.6.0,4,,other,review
ev_erosion_hazard_wvfmnr19_3,wv_fmnr_evidence_of_impact_2019,agroforestry,nbs_effect,erosion_hazard,v1.6.0,8,,other,review
ev_gender_inequity_kiptot11_3,kiptot_2011,agroforestry,nbs_effect,gender_inequity,v1.6.0,1,,other,review
ev_market_value_chain_faosen24_19,fao_2024_senegal_fr,agroforestry,operational_risk,market_value_chain,v1.6.0,1,,other,review
ev_project_cost_crs23_1,crs_regreening_cost_efficiency_2023,agroforestry,nbs_effect,project_cost,v1.6.0,1,,other,review
ev_project_cost_crs23_2,crs_regreening_cost_efficiency_2023,agroforestry,nbs_effect,project_cost,v1.6.0,1,,other,review
ev_recurrent_cost_ferraz24_3,ferraz_2024_pt,agroforestry,nbs_effect,recurrent_cost,v1.6.0,2,,other,review
ev_t3_fuel_load_abstract_batcheler24_1,batcheler_silvopasture_2024,agroforestry,nbs_effect,fire_hazard,v1.6.0,2,,other,review
ev_tree_canopy_cover_watts22_7,watts_2022,agroforestry,asset_vulnerability,tree_canopy_cover,v1.6.0,1,,other,review
ev_agricultural_production_value_seixas24_4,seixas_jabor_2024_reflorestar_psa_impactos_economicos,forest_restoration,nbs_effect,agricultural_production_value,v1.6.2,0.5,,other,review
ev_fr_aridity_wocat1330_1,wocat_1330_2010,forest_restoration,structural_suitability,aridity_index,v1.6.0,1,,other,review
ev_fr_aridity_wocat1414_1,wocat_1414_2011,forest_restoration,structural_suitability,aridity_index,v1.6.0,1,,other,review
ev_fr_aridity_wocat1509_1,wocat_1509_2011,forest_restoration,structural_suitability,aridity_index,v1.6.0,1,,other,review
ev_fr_aridity_wocat1529_1,wocat_1529_2012,forest_restoration,structural_suitability,aridity_index,v1.6.0,1,,other,review
ev_fr_aridity_wocat1533_1,wocat_1533_2011,forest_restoration,structural_suitability,aridity_index,v1.6.0,1,,other,review
ev_fr_aridity_wocat1568_1,wocat_1568_2013,forest_restoration,structural_suitability,aridity_index,v1.6.0,1,,other,review
ev_fr_aridity_wocat2325_1,wocat_2325_2017,forest_restoration,structural_suitability,aridity_index,v1.6.0,1,,other,review
ev_fr_aridity_wocat7460_1,wocat_7460_2024,forest_restoration,structural_suitability,aridity_index,v1.6.0,1,,other,review
ev_fr_inundation_gma23_1,gma_mangrove_restoration_guidelines_2023,forest_restoration,structural_suitability,tidal_inundation_duration,v1.6.0,0.5,,other,review
ev_fr_land_cover_zomer08_1,fr_zomer_cdm_afforestation_suit_2008,forest_restoration,structural_suitability,land_cover,v1.5.1,2,,other,review
ev_fr_precip_wocat1529_1,wocat_1529_2012,forest_restoration,structural_suitability,annual_precipitation,v1.6.0,1,,other,review
ev_fr_precip_wocat1568_1,wocat_1568_2013,forest_restoration,structural_suitability,annual_precipitation,v1.6.0,1,observed_classes,other,review
ev_project_cost_keyes97_1,keyes_anduaga_1997_reforestacion_costos_chontalpa,forest_restoration,nbs_effect,project_cost,v1.6.2,1000,,other,review
ev_project_cost_keyes97_2,keyes_anduaga_1997_reforestacion_costos_chontalpa,forest_restoration,nbs_effect,project_cost,v1.6.2,1000,,other,review
ev_adoption_rate_willem21_1,willems_2021_andenes_es,water_harvesting_conservation,operational_risk,adoption_rate,v1.6.0,0.5,,other,review
ev_crop_yield_brito07_5,brito_2007_embrapa_aguachuva_pt,water_harvesting_conservation,nbs_effect,crop_yield,v1.6.0,4,,other,review
ev_crop_yield_brito07_6,brito_2007_embrapa_aguachuva_pt,water_harvesting_conservation,nbs_effect,crop_yield,v1.6.0,1,,other,review
ev_erosion_hazard_iegind11_7,ieg_2011_india_watershed_cluster_ppar,water_harvesting_conservation,nbs_effect,erosion_hazard,v1.6.0,5,,other,review
ev_erosion_hazard_iegmar09_2,ieg_2009_morocco_lakhdar_ppar,water_harvesting_conservation,asset_vulnerability,erosion_hazard,v1.6.0,4,,other,review
ev_household_income_iegind11_2,ieg_2011_india_watershed_cluster_ppar,water_harvesting_conservation,nbs_effect,household_income,v1.6.0,1,,other,review
ev_wh_aridity_wocat1005_1,wocat_1005_2011,water_harvesting_conservation,structural_suitability,aridity_index,v1.6.0,1,,other,review
ev_wh_aridity_wocat1013_1,wocat_1013_2011,water_harvesting_conservation,structural_suitability,aridity_index,v1.6.0,1,,other,review
ev_wh_aridity_wocat1021_1,wocat_1021_2011,water_harvesting_conservation,structural_suitability,aridity_index,v1.6.0,1,,other,review
ev_wh_aridity_wocat1100_1,wocat_1100_2011,water_harvesting_conservation,structural_suitability,aridity_index,v1.6.0,1,,other,review
ev_wh_aridity_wocat1139_1,wocat_1139_2013,water_harvesting_conservation,structural_suitability,aridity_index,v1.6.0,1,,other,review
ev_wh_aridity_wocat1219_1,wocat_1219_2014,water_harvesting_conservation,structural_suitability,aridity_index,v1.6.0,1,,other,review
ev_wh_aridity_wocat1292_1,wocat_1292_2015,water_harvesting_conservation,structural_suitability,aridity_index,v1.6.0,1,,other,review
ev_wh_aridity_wocat1333_1,wocat_1333_2010,water_harvesting_conservation,structural_suitability,aridity_index,v1.6.0,1,,other,review
ev_wh_aridity_wocat1400_1,wocat_1400_2011,water_harvesting_conservation,structural_suitability,aridity_index,v1.6.0,1,,other,review
ev_wh_aridity_wocat1455_1,wocat_1455_2011,water_harvesting_conservation,structural_suitability,aridity_index,v1.6.0,1,,other,review
ev_wh_aridity_wocat1474_1,wocat_1474_2011,water_harvesting_conservation,structural_suitability,aridity_index,v1.6.0,1,,other,review
ev_wh_aridity_wocat1506_1,wocat_1506_2011,water_harvesting_conservation,structural_suitability,aridity_index,v1.6.0,1,,other,review
ev_wh_aridity_wocat1522_1,wocat_1522_2010,water_harvesting_conservation,structural_suitability,aridity_index,v1.6.0,1,,other,review
ev_wh_aridity_wocat1528_1,wocat_1528_2012,water_harvesting_conservation,structural_suitability,aridity_index,v1.6.0,1,,other,review
ev_wh_aridity_wocat1546_1,wocat_1546_2012,water_harvesting_conservation,structural_suitability,aridity_index,v1.6.0,1,,other,review
ev_wh_aridity_wocat1547_1,wocat_1547_2012,water_harvesting_conservation,structural_suitability,aridity_index,v1.6.0,1,,other,review
ev_wh_aridity_wocat1560_1,wocat_1560_2013,water_harvesting_conservation,structural_suitability,aridity_index,v1.6.0,1,,other,review
ev_wh_aridity_wocat1613_1,wocat_1613_2014,water_harvesting_conservation,structural_suitability,aridity_index,v1.6.0,1,,other,review
ev_wh_aridity_wocat1614_1,wocat_1614_2014,water_harvesting_conservation,structural_suitability,aridity_index,v1.6.0,1,,other,review
ev_wh_aridity_wocat1719_1,wocat_1719_2011,water_harvesting_conservation,structural_suitability,aridity_index,v1.6.0,1,,other,review
ev_wh_aridity_wocat2895_1,wocat_2895_2017,water_harvesting_conservation,structural_suitability,aridity_index,v1.6.0,1,,other,review
ev_wh_aridity_wocat5770_1,wocat_5770_2020,water_harvesting_conservation,structural_suitability,aridity_index,v1.6.0,1,,other,review
ev_wh_aridity_wocat5860_1,wocat_5860_2021,water_harvesting_conservation,structural_suitability,aridity_index,v1.6.0,1,,other,review
ev_wh_aridity_wocat6610_1,wocat_6610_2022,water_harvesting_conservation,structural_suitability,aridity_index,v1.6.0,1,,other,review
ev_wh_aridity_wocat6715_1,wocat_6715_2023,water_harvesting_conservation,structural_suitability,aridity_index,v1.6.0,1,,other,review
ev_wh_aridity_wocat6716_1,wocat_6716_2023,water_harvesting_conservation,structural_suitability,aridity_index,v1.6.0,1,,other,review
ev_wh_aridity_wocat7553_1,wocat_7553_2025,water_harvesting_conservation,structural_suitability,aridity_index,v1.6.0,1,,other,review
ev_wh_aridity_wocat7777_1,wocat_7777_2026,water_harvesting_conservation,structural_suitability,aridity_index,v1.6.0,1,,other,review
ev_wh_aridity_wocat7778_1,wocat_7778_2026,water_harvesting_conservation,structural_suitability,aridity_index,v1.6.0,1,,other,review
ev_wh_aridity_wocat940_1,wocat_940_2010,water_harvesting_conservation,structural_suitability,aridity_index,v1.6.0,1,,other,review
ev_wh_aridity_wocat968_1,wocat_968_2011,water_harvesting_conservation,structural_suitability,aridity_index,v1.6.0,1,,other,review
ev_wh_precip_wocat1005_1,wocat_1005_2011,water_harvesting_conservation,structural_suitability,annual_precipitation,v1.6.0,1,,other,review
ev_wh_precip_wocat1013_1,wocat_1013_2011,water_harvesting_conservation,structural_suitability,annual_precipitation,v1.6.0,1,,other,review
ev_wh_precip_wocat1292_1,wocat_1292_2015,water_harvesting_conservation,structural_suitability,annual_precipitation,v1.6.0,1,,other,review
ev_wh_precip_wocat1333_1,wocat_1333_2010,water_harvesting_conservation,structural_suitability,annual_precipitation,v1.6.0,1,,other,review
ev_wh_precip_wocat1400_1,wocat_1400_2011,water_harvesting_conservation,structural_suitability,annual_precipitation,v1.6.0,1,,other,review
ev_wh_precip_wocat5770_1,wocat_5770_2020,water_harvesting_conservation,structural_suitability,annual_precipitation,v1.6.0,1,,other,review
ev_wh_precip_wocat5860_1,wocat_5860_2021,water_harvesting_conservation,structural_suitability,annual_precipitation,v1.6.0,1,,other,review
ev_wh_precip_wocat7777_1,wocat_7777_2026,water_harvesting_conservation,structural_suitability,annual_precipitation,v1.6.0,1,,other,review
ev_agricultural_production_value_schmidt12_2,schmidt_tadesse_2012_essp_wp42_slwm,water_harvesting_conservation,nbs_effect,agricultural_production_value,v1.6.0,0.015|0015|1|2010|3|6.1,outcome_raw,page_or_table_ref,move ref to context.note
ev_agricultural_production_value_schmidt12_4,schmidt_tadesse_2012_essp_wp42_slwm,water_harvesting_conservation,nbs_effect,agricultural_production_value,v1.6.0,0.01|1992|2002|3|6.2,outcome_raw,page_or_table_ref,move ref to context.note
ev_agricultural_production_value_schmidt12_5,schmidt_tadesse_2012_essp_wp42_slwm,water_harvesting_conservation,nbs_effect,agricultural_production_value,v1.6.0,12|14|15|2,note|outcome_raw,page_or_table_ref,move ref to context.note
ev_crop_yield_abate21_1,abate_2021_ifpri_dp2069_cbinremp,water_harvesting_conservation,nbs_effect,crop_yield,v1.6.0,7,outcome_raw,page_or_table_ref,move ref to context.note
ev_groundwater_recharge_potential_iegind11_3,ieg_2011_india_watershed_cluster_ppar,water_harvesting_conservation,nbs_effect,groundwater_recharge_potential,v1.6.0,11,outcome_raw,page_or_table_ref,move ref to context.note
ev_project_cost_iegind11_10,ieg_2011_india_watershed_cluster_ppar,water_harvesting_conservation,nbs_effect,project_cost,v1.6.0,264763|69.2|7,outcome_raw,page_or_table_ref,move ref to context.note
ev_project_cost_iegind11_11,ieg_2011_india_watershed_cluster_ppar,water_harvesting_conservation,nbs_effect,project_cost,v1.6.0,268730|58.3,outcome_raw,page_or_table_ref,move ref to context.note
ev_T4_annualprecip_haris2021_1,haris_2021,agroforestry,structural_suitability,annual_precipitation,,2,suitability_class,unit_or_class_label,"accept (label, not claim)"
ev_T4_landcover_seja2022_4,seja_2022,agroforestry,structural_suitability,land_cover,,28|38|4,unit,unit_or_class_label,"accept (label, not claim)"
ev_food_security_castle21s_1,castle_sr_2021,agroforestry,nbs_effect,food_security,v1.6.0,0,unit,unit_or_class_label,"accept (label, not claim)"
ev_land_cover_zomer14_1,zomer_2014,agroforestry,structural_suitability,land_cover,,.1|.10|2,note|source_dataset,unit_or_class_label,"accept (label, not claim)"
ev_carbon_sequestration_poorter21_1,poorter_2021_multidimensional_recovery,forest_restoration,nbs_effect,carbon_sequestration,v1.6.2,90,outcome_raw|unit,unit_or_class_label,"accept (label, not claim)"
ev_groundwater_recharge_potential_verm19_1,verma_shah_2019_wb_drought_proofing_recharge,water_harvesting_conservation,nbs_effect,groundwater_recharge_potential,v1.6.0,3,unit,unit_or_class_label,"accept (label, not claim)"
ev_T4_landcover_seja2022_3,seja_2022,agroforestry,structural_suitability,land_cover,,20|28|3,threshold|unit,value_not_in_quote,verify against page (smuggled value?) — review
ev_crop_yield_tosh26_5,tosh_2026_af_protects_crops_climate_shock,agroforestry,nbs_effect,crop_yield,v1.6.2,.8,magnitude|outcome_raw,value_not_in_quote,verify against page (smuggled value?) — review
ev_project_cost_crs23_3,crs_regreening_cost_efficiency_2023,agroforestry,nbs_effect,project_cost,v1.6.0,1,magnitude,value_not_in_quote,verify against page (smuggled value?) — review
ev_project_cost_crs23_4,crs_regreening_cost_efficiency_2023,agroforestry,nbs_effect,project_cost,v1.6.0,1,magnitude,value_not_in_quote,verify against page (smuggled value?) — review
ev_tree_canopy_cover_rgaf23_1,regreening_africa_endline_2023,agroforestry,nbs_effect,tree_canopy_cover,v1.6.0,2,magnitude|outcome_raw,value_not_in_quote,verify against page (smuggled value?) — review
ev_biodiversity_outcome_crouzeilles16_1,crouzeilles_2016_restoration_success_meta,forest_restoration,nbs_effect,biodiversity_outcome,v1.6.2,5,magnitude_low|outcome_raw,value_not_in_quote,verify against page (smuggled value?) — review
ev_carbon_sequestration_bernal18_1,bernal_2018_co2_removal_flr,forest_restoration,nbs_effect,carbon_sequestration,v1.6.2,0,magnitude_high|outcome_raw,value_not_in_quote,verify against page (smuggled value?) — review
ev_economic_return_wbmang25_1,wb_2025_mangroves_coastal_resilience_bangladesh,forest_restoration,nbs_effect,economic_return,v1.6.2,29|6,magnitude_high|outcome_raw,value_not_in_quote,verify against page (smuggled value?) — review
ev_fr_precip_wocat1330_1,wocat_1330_2010,forest_restoration,structural_suitability,annual_precipitation,v1.6.0,1,observed_classes|observed_min,value_not_in_quote,verify against page (smuggled value?) — review
ev_fr_precip_wocat1414_1,wocat_1414_2011,forest_restoration,structural_suitability,annual_precipitation,v1.6.0,1,observed_classes|observed_min,value_not_in_quote,verify against page (smuggled value?) — review
ev_fr_precip_wocat1509_1,wocat_1509_2011,forest_restoration,structural_suitability,annual_precipitation,v1.6.0,1,observed_classes|observed_min,value_not_in_quote,verify against page (smuggled value?) — review
ev_fr_precip_wocat1533_1,wocat_1533_2011,forest_restoration,structural_suitability,annual_precipitation,v1.6.0,1,observed_classes|observed_min,value_not_in_quote,verify against page (smuggled value?) — review
ev_fr_precip_wocat2325_1,wocat_2325_2017,forest_restoration,structural_suitability,annual_precipitation,v1.6.0,1,observed_classes|observed_min,value_not_in_quote,verify against page (smuggled value?) — review
ev_fr_precip_wocat7460_1,wocat_7460_2024,forest_restoration,structural_suitability,annual_precipitation,v1.6.0,1,observed_classes|observed_min,value_not_in_quote,verify against page (smuggled value?) — review
ev_landscape_forest_cover_gefieo19_2,gefieo_2019_vfm_sfm,forest_restoration,nbs_effect,landscape_forest_cover,v1.6.2,2,magnitude|outcome_raw,value_not_in_quote,verify against page (smuggled value?) — review
ev_agricultural_production_value_schmidt12_1,schmidt_tadesse_2012_essp_wp42_slwm,water_harvesting_conservation,nbs_effect,agricultural_production_value,v1.6.0,0.05|0.152|0152|1|3,magnitude|outcome_raw,value_not_in_quote,verify against page (smuggled value?) — review
ev_crop_yield_heusch95_1,heusch_1995_banquette_fr,water_harvesting_conservation,nbs_effect,crop_yield,v1.6.0,3,magnitude|outcome_raw,value_not_in_quote,verify against page (smuggled value?) — review
ev_crop_yield_iegind11_1,ieg_2011_india_watershed_cluster_ppar,water_harvesting_conservation,nbs_effect,crop_yield,v1.6.0,2,magnitude|magnitude_high|magnitude_low|outcome_raw,value_not_in_quote,verify against page (smuggled value?) — review
ev_crop_yield_mrt14_2,wb_2014_mauritania_cbwm_icr,water_harvesting_conservation,nbs_effect,crop_yield,v1.6.0,2|2010,magnitude_low|note|outcome_raw,value_not_in_quote,verify against page (smuggled value?) — review
ev_economic_return_schmidt12_6,schmidt_tadesse_2012_essp_wp42_slwm,water_harvesting_conservation,nbs_effect,economic_return,v1.6.0,4|5|50|6,magnitude_high|magnitude_low|note|outcome_raw,value_not_in_quote,verify against page (smuggled value?) — review
ev_erosion_hazard_eth16_5,wb_2016_ethiopia_psnp3_icr,water_harvesting_conservation,nbs_effect,erosion_hazard,v1.6.0,2|2005|2014|7,magnitude_low|n|note|outcome_raw,value_not_in_quote,verify against page (smuggled value?) — review
ev_household_income_abate21_3,abate_2021_ifpri_dp2069_cbinremp,water_harvesting_conservation,nbs_effect,household_income,v1.6.0,0.11|0.178|0178|10|4|7,magnitude|note|outcome_raw,value_not_in_quote,verify against page (smuggled value?) — review
ev_project_cost_casag22_8,casagrande_2022_segunda_agua_pt,water_harvesting_conservation,nbs_effect,project_cost,v1.6.0,1,magnitude,value_not_in_quote,verify against page (smuggled value?) — review
ev_project_cost_kar20_5,wb_2020_karnataka2_watershed_icr,water_harvesting_conservation,nbs_effect,project_cost,v1.6.0,1|2|200|71,magnitude|note|outcome_raw,value_not_in_quote,verify against page (smuggled value?) — review
ev_runoff_reduction_roose06_3,roose_2006_terrasses_afrique_fr,water_harvesting_conservation,nbs_effect,runoff_reduction,v1.6.0,1|1200|2|200,magnitude|outcome_raw,value_not_in_quote,verify against page (smuggled value?) — review
ev_wh_precip_wocat1021_1,wocat_1021_2011,water_harvesting_conservation,structural_suitability,annual_precipitation,v1.6.0,1,observed_classes|observed_min,value_not_in_quote,verify against page (smuggled value?) — review
ev_wh_precip_wocat1100_1,wocat_1100_2011,water_harvesting_conservation,structural_suitability,annual_precipitation,v1.6.0,1,observed_classes|observed_min,value_not_in_quote,verify against page (smuggled value?) — review
ev_wh_precip_wocat1139_1,wocat_1139_2013,water_harvesting_conservation,structural_suitability,annual_precipitation,v1.6.0,1,observed_classes|observed_min,value_not_in_quote,verify against page (smuggled value?) — review
ev_wh_precip_wocat1219_1,wocat_1219_2014,water_harvesting_conservation,structural_suitability,annual_precipitation,v1.6.0,1,observed_classes|observed_min,value_not_in_quote,verify against page (smuggled value?) — review
ev_wh_precip_wocat1455_1,wocat_1455_2011,water_harvesting_conservation,structural_suitability,annual_precipitation,v1.6.0,1,observed_classes|observed_min,value_not_in_quote,verify against page (smuggled value?) — review
ev_wh_precip_wocat1474_1,wocat_1474_2011,water_harvesting_conservation,structural_suitability,annual_precipitation,v1.6.0,1,observed_classes|observed_min,value_not_in_quote,verify against page (smuggled value?) — review
ev_wh_precip_wocat1506_1,wocat_1506_2011,water_harvesting_conservation,structural_suitability,annual_precipitation,v1.6.0,1,observed_classes|observed_min,value_not_in_quote,verify against page (smuggled value?) — review
ev_wh_precip_wocat1522_1,wocat_1522_2010,water_harvesting_conservation,structural_suitability,annual_precipitation,v1.6.0,1,observed_classes|observed_min,value_not_in_quote,verify against page (smuggled value?) — review
ev_wh_precip_wocat1528_1,wocat_1528_2012,water_harvesting_conservation,structural_suitability,annual_precipitation,v1.6.0,1,observed_classes|observed_min,value_not_in_quote,verify against page (smuggled value?) — review
ev_wh_precip_wocat1546_1,wocat_1546_2012,water_harvesting_conservation,structural_suitability,annual_precipitation,v1.6.0,1,observed_classes|observed_min,value_not_in_quote,verify against page (smuggled value?) — review
ev_wh_precip_wocat1547_1,wocat_1547_2012,water_harvesting_conservation,structural_suitability,annual_precipitation,v1.6.0,1,observed_classes|observed_min,value_not_in_quote,verify against page (smuggled value?) — review
ev_wh_precip_wocat1560_1,wocat_1560_2013,water_harvesting_conservation,structural_suitability,annual_precipitation,v1.6.0,1,observed_classes|observed_min,value_not_in_quote,verify against page (smuggled value?) — review
ev_wh_precip_wocat1613_1,wocat_1613_2014,water_harvesting_conservation,structural_suitability,annual_precipitation,v1.6.0,1,observed_classes|observed_min,value_not_in_quote,verify against page (smuggled value?) — review
ev_wh_precip_wocat1614_1,wocat_1614_2014,water_harvesting_conservation,structural_suitability,annual_precipitation,v1.6.0,1,observed_classes|observed_min,value_not_in_quote,verify against page (smuggled value?) — review
ev_wh_precip_wocat1719_1,wocat_1719_2011,water_harvesting_conservation,structural_suitability,annual_precipitation,v1.6.0,1,observed_classes|observed_min,value_not_in_quote,verify against page (smuggled value?) — review
ev_wh_precip_wocat2895_1,wocat_2895_2017,water_harvesting_conservation,structural_suitability,annual_precipitation,v1.6.0,1,observed_classes|observed_min,value_not_in_quote,verify against page (smuggled value?) — review
ev_wh_precip_wocat6610_1,wocat_6610_2022,water_harvesting_conservation,structural_suitability,annual_precipitation,v1.6.0,1,observed_classes|observed_min,value_not_in_quote,verify against page (smuggled value?) — review
ev_wh_precip_wocat6715_1,wocat_6715_2023,water_harvesting_conservation,structural_suitability,annual_precipitation,v1.6.0,1,observed_classes|observed_min,value_not_in_quote,verify against page (smuggled value?) — review
ev_wh_precip_wocat6716_1,wocat_6716_2023,water_harvesting_conservation,structural_suitability,annual_precipitation,v1.6.0,1,observed_classes|observed_min,value_not_in_quote,verify against page (smuggled value?) — review
ev_wh_precip_wocat7553_1,wocat_7553_2025,water_harvesting_conservation,structural_suitability,annual_precipitation,v1.6.0,1,observed_classes|observed_min,value_not_in_quote,verify against page (smuggled value?) — review
ev_wh_precip_wocat7778_1,wocat_7778_2026,water_harvesting_conservation,structural_suitability,annual_precipitation,v1.6.0,1,observed_classes|observed_min,value_not_in_quote,verify against page (smuggled value?) — review
ev_wh_precip_wocat940_1,wocat_940_2010,water_harvesting_conservation,structural_suitability,annual_precipitation,v1.6.0,1,observed_classes|observed_min,value_not_in_quote,verify against page (smuggled value?) — review
ev_wh_precip_wocat968_1,wocat_968_2011,water_harvesting_conservation,structural_suitability,annual_precipitation,v1.6.0,1,observed_classes|observed_min,value_not_in_quote,verify against page (smuggled value?) — review
ev_wh_precip_wocatgl13_rooftop,wocat_wh_guidelines_2013,water_harvesting_conservation,structural_suitability,annual_precipitation,v1.6.0,2,abs_min,value_not_in_quote,verify against page (smuggled value?) — review
