design,weight_factor,rationale,ratified_by,ratified_date
meta_analysis,1.5,"Pooled quantitative synthesis across studies — Pete 2026-10-07: syntheses weighted above practitioner ratings, which are likely biased.",pete,2026-10-07
review,1.25,"Systematic / narrative review of measured studies.",pete,2026-10-07
rct,1.2,"Randomised design.",pete (pending),2026-10-07
quasi_experimental,1.0,"Baseline.",pete (pending),2026-10-07
observational,1.0,"Baseline.",pete (pending),2026-10-07
model,1.0,"Baseline (modelled-only strength is capped separately, Decision 8a).",pete (pending),2026-10-07
case_study,0.9,"Single-site descriptive.",pete (pending),2026-10-07
expert,0.6,"Expert judgement without a stated measurement.",pete (pending),2026-10-07
practitioner_rating,0.5,"WOCAT / compiler ratings — self-reported, positively biased (grey-lit positive-bias lock); Pete 2026-10-07.",pete,2026-10-07
