nbs_id,suitability_family_id,effect_locus,rationale,ratified_by,ratified_date
agroforestry,,on_farm,Trees on the farm itself: the measured livelihood effect lands on the household that adopts.,pete (pending),2026-10-07
water_harvesting_conservation,water_harvesting__in_situ,on_farm,In-field practices (zai; bunds; conservation tillage) act on the adopter's own plots.,pete (pending),2026-10-07
water_harvesting_conservation,water_harvesting__micro_catchment,on_farm,Micro-catchments sit within the field they serve.,pete (pending),2026-10-07
water_harvesting_conservation,water_harvesting__terracing,on_farm,Terraces are built on the cultivated slope; downstream flood/sediment effects are a secondary off-site benefit.,pete (pending),2026-10-07
water_harvesting_conservation,water_harvesting__runoff_catchment,mixed,Ponds; dams; spate works and tanks are off-field structures whose water reaches users on and beyond the owning farm.,pete (pending),2026-10-07
water_harvesting_conservation,water_harvesting__rooftop,on_farm,Household structure (parked as qualitative_only).,pete (pending),2026-10-07
water_harvesting_conservation,water_harvesting__cross_family,mixed,Pooled evidence spanning in-field and structure practices.,pete (pending),2026-10-07
forest_restoration,,off_site,Forest restoration does not occur on farmland (Pete 2026-10-07): farmers feel it downstream and at landscape scale (water; flood; microclimate; NTFP access) or as wider societal benefit; never as an on-plot effect.,pete,2026-10-07
riparian_buffer,,mixed,The buffer takes the field edge (on-farm land and labour) while water-quality and flood benefits accrue downstream.,pete (pending),2026-10-07
wetland_management,,off_site,Wetland works sit outside cropped land; farmer effects are hydrological and downstream.,pete (pending),2026-10-07
