iso3,iso2,country_name,income_group,income_band
ABW,AW,Aruba,high,high
AFG,AF,Afghanistan,low,lic_lmic
AGO,AO,Angola,lower_middle,lic_lmic
ALB,AL,Albania,upper_middle,upper_middle
AND,AD,Andorra,high,high
ARE,AE,United Arab Emirates,high,high
ARG,AR,Argentina,upper_middle,upper_middle
ARM,AM,Armenia,upper_middle,upper_middle
ASM,AS,American Samoa,high,high
ATG,AG,Antigua and Barbuda,high,high
AUS,AU,Australia,high,high
AUT,AT,Austria,high,high
AZE,AZ,Azerbaijan,upper_middle,upper_middle
BDI,BI,Burundi,low,lic_lmic
BEL,BE,Belgium,high,high
BEN,BJ,Benin,lower_middle,lic_lmic
BFA,BF,Burkina Faso,low,lic_lmic
BGD,BD,Bangladesh,lower_middle,lic_lmic
BGR,BG,Bulgaria,high,high
BHR,BH,Bahrain,high,high
BHS,BS,"Bahamas, The",high,high
BIH,BA,Bosnia and Herzegovina,upper_middle,upper_middle
BLR,BY,Belarus,upper_middle,upper_middle
BLZ,BZ,Belize,upper_middle,upper_middle
BMU,BM,Bermuda,high,high
BOL,BO,Bolivia,lower_middle,lic_lmic
BRA,BR,Brazil,upper_middle,upper_middle
BRB,BB,Barbados,high,high
BRN,BN,Brunei Darussalam,high,high
BTN,BT,Bhutan,lower_middle,lic_lmic
BWA,BW,Botswana,upper_middle,upper_middle
CAF,CF,Central African Republic,low,lic_lmic
CAN,CA,Canada,high,high
CHE,CH,Switzerland,high,high
CHI,JG,Channel Islands,high,high
CHL,CL,Chile,high,high
CHN,CN,China,upper_middle,upper_middle
CIV,CI,Cote d'Ivoire,lower_middle,lic_lmic
CMR,CM,Cameroon,lower_middle,lic_lmic
COD,CD,"Congo, Dem. Rep.",low,lic_lmic
COG,CG,"Congo, Rep.",lower_middle,lic_lmic
COL,CO,Colombia,upper_middle,upper_middle
COM,KM,Comoros,lower_middle,lic_lmic
CPV,CV,Cabo Verde,upper_middle,upper_middle
CRI,CR,Costa Rica,high,high
CUB,CU,Cuba,upper_middle,upper_middle
CUW,CW,Curacao,high,high
CYM,KY,Cayman Islands,high,high
CYP,CY,Cyprus,high,high
CZE,CZ,Czechia,high,high
DEU,DE,Germany,high,high
DJI,DJ,Djibouti,lower_middle,lic_lmic
DMA,DM,Dominica,upper_middle,upper_middle
DNK,DK,Denmark,high,high
DOM,DO,Dominican Republic,upper_middle,upper_middle
DZA,DZ,Algeria,upper_middle,upper_middle
ECU,EC,Ecuador,upper_middle,upper_middle
EGY,EG,"Egypt, Arab Rep.",lower_middle,lic_lmic
ERI,ER,Eritrea,low,lic_lmic
ESP,ES,Spain,high,high
EST,EE,Estonia,high,high
ETH,ET,Ethiopia,low,lic_lmic
FIN,FI,Finland,high,high
FJI,FJ,Fiji,upper_middle,upper_middle
FRA,FR,France,high,high
FRO,FO,Faroe Islands,high,high
FSM,FM,"Micronesia, Fed. Sts.",upper_middle,upper_middle
GAB,GA,Gabon,upper_middle,upper_middle
GBR,GB,United Kingdom,high,high
GEO,GE,Georgia,upper_middle,upper_middle
GHA,GH,Ghana,lower_middle,lic_lmic
GIB,GI,Gibraltar,high,high
GIN,GN,Guinea,lower_middle,lic_lmic
GMB,GM,"Gambia, The",low,lic_lmic
GNB,GW,Guinea-Bissau,low,lic_lmic
GNQ,GQ,Equatorial Guinea,upper_middle,upper_middle
GRC,GR,Greece,high,high
GRD,GD,Grenada,upper_middle,upper_middle
GRL,GL,Greenland,high,high
GTM,GT,Guatemala,upper_middle,upper_middle
GUM,GU,Guam,high,high
GUY,GY,Guyana,high,high
HKG,HK,"Hong Kong SAR, China",high,high
HND,HN,Honduras,lower_middle,lic_lmic
HRV,HR,Croatia,high,high
HTI,HT,Haiti,lower_middle,lic_lmic
HUN,HU,Hungary,high,high
IDN,ID,Indonesia,upper_middle,upper_middle
IMN,IM,Isle of Man,high,high
IND,IN,India,lower_middle,lic_lmic
IRL,IE,Ireland,high,high
IRN,IR,"Iran, Islamic Rep.",upper_middle,upper_middle
IRQ,IQ,Iraq,upper_middle,upper_middle
ISL,IS,Iceland,high,high
ISR,IL,Israel,high,high
ITA,IT,Italy,high,high
JAM,JM,Jamaica,upper_middle,upper_middle
JOR,JO,Jordan,upper_middle,upper_middle
JPN,JP,Japan,high,high
KAZ,KZ,Kazakhstan,upper_middle,upper_middle
KEN,KE,Kenya,lower_middle,lic_lmic
KGZ,KG,Kyrgyz Republic,lower_middle,lic_lmic
KHM,KH,Cambodia,lower_middle,lic_lmic
KIR,KI,Kiribati,lower_middle,lic_lmic
KNA,KN,St. Kitts and Nevis,high,high
KOR,KR,"Korea, Rep.",high,high
KWT,KW,Kuwait,high,high
LAO,LA,Lao PDR,lower_middle,lic_lmic
LBN,LB,Lebanon,lower_middle,lic_lmic
LBR,LR,Liberia,low,lic_lmic
LBY,LY,Libya,upper_middle,upper_middle
LCA,LC,St. Lucia,upper_middle,upper_middle
LIE,LI,Liechtenstein,high,high
LKA,LK,Sri Lanka,upper_middle,upper_middle
LSO,LS,Lesotho,lower_middle,lic_lmic
LTU,LT,Lithuania,high,high
LUX,LU,Luxembourg,high,high
LVA,LV,Latvia,high,high
MAC,MO,"Macao SAR, China",high,high
MAF,MF,St. Martin (French part),high,high
MAR,MA,Morocco,lower_middle,lic_lmic
MCO,MC,Monaco,high,high
MDA,MD,Moldova,upper_middle,upper_middle
MDG,MG,Madagascar,low,lic_lmic
MDV,MV,Maldives,upper_middle,upper_middle
MEX,MX,Mexico,upper_middle,upper_middle
MHL,MH,Marshall Islands,upper_middle,upper_middle
MKD,MK,North Macedonia,upper_middle,upper_middle
MLI,ML,Mali,low,lic_lmic
MLT,MT,Malta,high,high
MMR,MM,Myanmar,lower_middle,lic_lmic
MNE,ME,Montenegro,upper_middle,upper_middle
MNG,MN,Mongolia,upper_middle,upper_middle
MNP,MP,Northern Mariana Islands,high,high
MOZ,MZ,Mozambique,low,lic_lmic
MRT,MR,Mauritania,lower_middle,lic_lmic
MUS,MU,Mauritius,upper_middle,upper_middle
MWI,MW,Malawi,low,lic_lmic
MYS,MY,Malaysia,upper_middle,upper_middle
NAM,NA,Namibia,lower_middle,lic_lmic
NCL,NC,New Caledonia,high,high
NER,NE,Niger,low,lic_lmic
NGA,NG,Nigeria,lower_middle,lic_lmic
NIC,NI,Nicaragua,lower_middle,lic_lmic
NLD,NL,Netherlands,high,high
NOR,NO,Norway,high,high
NPL,NP,Nepal,lower_middle,lic_lmic
NRU,NR,Naoero,high,high
NZL,NZ,New Zealand,high,high
OMN,OM,Oman,high,high
PAK,PK,Pakistan,lower_middle,lic_lmic
PAN,PA,Panama,high,high
PER,PE,Peru,upper_middle,upper_middle
PHL,PH,Philippines,upper_middle,upper_middle
PLW,PW,Palau,high,high
PNG,PG,Papua New Guinea,lower_middle,lic_lmic
POL,PL,Poland,high,high
PRI,PR,Puerto Rico (US),high,high
PRK,KP,"Korea, Dem. People's Rep.",low,lic_lmic
PRT,PT,Portugal,high,high
PRY,PY,Paraguay,upper_middle,upper_middle
PSE,PS,West Bank and Gaza,lower_middle,lic_lmic
PYF,PF,French Polynesia,high,high
QAT,QA,Qatar,high,high
ROU,RO,Romania,high,high
RUS,RU,Russian Federation,high,high
RWA,RW,Rwanda,low,lic_lmic
SAU,SA,Saudi Arabia,high,high
SDN,SD,Sudan,low,lic_lmic
SEN,SN,Senegal,lower_middle,lic_lmic
SGP,SG,Singapore,high,high
SLB,SB,Solomon Islands,lower_middle,lic_lmic
SLE,SL,Sierra Leone,low,lic_lmic
SLV,SV,El Salvador,upper_middle,upper_middle
SMR,SM,San Marino,high,high
SOM,SO,"Somalia, Fed. Rep.",low,lic_lmic
SRB,RS,Serbia,upper_middle,upper_middle
SSD,SS,South Sudan,low,lic_lmic
STP,ST,Sao Tome and Principe,lower_middle,lic_lmic
SUR,SR,Suriname,upper_middle,upper_middle
SVK,SK,Slovak Republic,high,high
SVN,SI,Slovenia,high,high
SWE,SE,Sweden,high,high
SWZ,SZ,Eswatini,lower_middle,lic_lmic
SXM,SX,Sint Maarten (Dutch part),high,high
SYC,SC,Seychelles,high,high
SYR,SY,Syrian Arab Republic,low,lic_lmic
TCA,TC,Turks and Caicos Islands,high,high
TCD,TD,Chad,low,lic_lmic
TGO,TG,Togo,lower_middle,lic_lmic
THA,TH,Thailand,upper_middle,upper_middle
TJK,TJ,Tajikistan,lower_middle,lic_lmic
TKM,TM,Turkmenistan,upper_middle,upper_middle
TLS,TL,Timor-Leste,lower_middle,lic_lmic
TON,TO,Tonga,upper_middle,upper_middle
TTO,TT,Trinidad and Tobago,high,high
TUN,TN,Tunisia,lower_middle,lic_lmic
TUR,TR,Turkiye,upper_middle,upper_middle
TUV,TV,Tuvalu,upper_middle,upper_middle
TZA,TZ,Tanzania,lower_middle,lic_lmic
UGA,UG,Uganda,low,lic_lmic
UKR,UA,Ukraine,upper_middle,upper_middle
URY,UY,Uruguay,high,high
USA,US,United States,high,high
UZB,UZ,Uzbekistan,lower_middle,lic_lmic
VCT,VC,St. Vincent and the Grenadines,upper_middle,upper_middle
VEN,VE,"Venezuela, RB",lower_middle,lic_lmic
VGB,VG,British Virgin Islands,high,high
VIR,VI,Virgin Islands (U.S.),high,high
VNM,VN,Viet Nam,upper_middle,upper_middle
VUT,VU,Vanuatu,lower_middle,lic_lmic
WSM,WS,Samoa,upper_middle,upper_middle
XKX,XK,Kosovo,upper_middle,upper_middle
YEM,YE,"Yemen, Rep.",low,lic_lmic
ZAF,ZA,South Africa,upper_middle,upper_middle
ZMB,ZM,Zambia,lower_middle,lic_lmic
ZWE,ZW,Zimbabwe,lower_middle,lic_lmic
