wocat_group,wocat_key,hazard_type,note,ratified_by,ratified_date
climatological_disaster_coping,cold_wave,frost,,pete (pending),2026-10-06
climatological_disaster_coping,extreme_winter_conditions,frost,,pete (pending),2026-10-06
climatological_disaster_coping,forest_fire,fire,,pete (pending),2026-10-06
climatological_disaster_coping,land_fire,fire,,pete (pending),2026-10-06
hydrological_disaster_coping,general_river_flood,flood,,pete (pending),2026-10-06
hydrological_disaster_coping,flash_flood,flood,,pete (pending),2026-10-06
hydrological_disaster_coping,storm_surge_coastal_flood,flood,,pete (pending),2026-10-06
hydrological_disaster_coping,landslide,extreme_rainfall,asset-threat-only hazard (2026-10-06),pete (pending),2026-10-06
meteorological_disaster_coping,tropical_storm,wind_cyclone,,pete (pending),2026-10-06
meteorological_disaster_coping,extratropical_cyclone,wind_cyclone,,pete (pending),2026-10-06
meteorological_disaster_coping,local_windstorm,wind_cyclone,,pete (pending),2026-10-06
meteorological_disaster_coping,local_rainstorm,extreme_rainfall,asset-threat-only hazard,pete (pending),2026-10-06
meteorological_disaster_coping,local_thunderstorm,extreme_rainfall,asset-threat-only hazard,pete (pending),2026-10-06
meteorological_disaster_coping,local_hailstorm,extreme_rainfall,asset-threat-only hazard,pete (pending),2026-10-06
