wocat_group,wocat_field,canonical_variable_id,right_label,use_role,note,ratified_by,ratified_date,requires_comment
impacts_socio_economic_production,crop_production,crop_yield,increased,nbs_effect,QT 6.1 on-site impact; value sign is towards the right label,pete (pending),2026-10-06,false
impacts_socio_economic_production,fodder_production,forage_productivity,increased,nbs_effect,,pete (pending),2026-10-06,false
impacts_socio_economic_production,animal_production,livestock_productivity,increased,nbs_effect,,pete (pending),2026-10-06,false
impacts_socio_economic_production,risk_of_production_failure,food_security,decreased,nbs_effect,risk of production failure decreased = food security up (proxy; direction inverted on emit),pete (pending),2026-10-06,false
impacts_socio_economic_income,farm_income,household_income,increased,nbs_effect,,pete (pending),2026-10-06,false
impacts_socio_economic_income,workload,labour_availability,decreased,operational_risk,workload increased = more labour required; M2b operational lever not a T6 effect,pete (pending),2026-10-06,false
impacts_socio_cultural,food_security_selfsufficiency,food_security,improved,nbs_effect,,pete (pending),2026-10-06,false
impacts_ecological_water,water_quantity,water_access_deficit,increased,nbs_effect,water quantity increased = deficit decreased (variable is a deficit; direction inverted on emit),pete (pending),2026-10-06,false
impacts_ecological_water,surface_runoff,runoff_reduction,decreased,nbs_effect,runoff decreased = runoff_reduction positive (variable is a reduction; direction inverted on emit),pete (pending),2026-10-06,false
impacts_ecological_water,excess_water_drainage,waterlogging_hazard,improved,nbs_effect,drainage improved = waterlogging decreased (direction inverted on emit),pete (pending),2026-10-06,false
impacts_ecological_water,harvesting_collection_of_water,water_access_deficit,improved,nbs_effect,water harvesting/collection improved = more water available for use = access deficit reduced (direction inverted on emit); re-mapped 2026-10-06 from groundwater_recharge_potential (T6b prose review: the item rates water collected —2026-10-06, not recharge),pete (pending),false
impacts_ecological_soil,soil_moisture,soil_water_retention,increased,nbs_effect,,pete (pending),2026-10-06,false
impacts_ecological_soil,soil_loss,erosion_hazard,decreased,nbs_effect,,pete (pending),2026-10-06,false
impacts_ecological_soil,soil_organic_matter_below_ground_C,soil_organic_carbon,increased,nbs_effect,,pete (pending),2026-10-06,false
impacts_ecological_biodiversity,biomass_above_ground_C,carbon_sequestration,increased,nbs_effect,above-ground biomass C as a component of sequestration | Pete D4 2026-10-06: counted only when the compiler states a mechanism (non-empty comment) — weak evidence otherwise,pete (pending),2026-10-06,true
impacts_ecological_biodiversity,plant_diversity,biodiversity_outcome,increased,nbs_effect,Pete D4 2026-10-06: counted only when the compiler states a mechanism (non-empty comment) — weak evidence otherwise,pete (pending),2026-10-06,true
impacts_ecological_biodiversity,animal_diversity,biodiversity_outcome,increased,nbs_effect,Pete D4 2026-10-06: counted only when the compiler states a mechanism (non-empty comment) — weak evidence otherwise,pete (pending),2026-10-06,true
impacts_ecological_biodiversity,habitat_diversity,biodiversity_outcome,increased,nbs_effect,Pete D4 2026-10-06: counted only when the compiler states a mechanism (non-empty comment) — weak evidence otherwise,pete (pending),2026-10-06,true
impacts_ecological_climate,drought_impacts,drought_hazard,decreased,nbs_effect,hazard impact decreased = drought_hazard direction negative (XW inverted → benefit),pete (pending),2026-10-06,false
impacts_ecological_climate,flood_impacts,flood_hazard,decreased,nbs_effect,,pete (pending),2026-10-06,false
impacts_ecological_climate,impacts_of_cyclones_rain_storms,wind_cyclone_hazard,decreased,nbs_effect,,pete (pending),2026-10-06,false
impacts_ecological_climate,wind_velocity,windbreak_protection,decreased,nbs_effect,wind velocity decreased = protection positive (direction inverted on emit),pete (pending),2026-10-06,false
impacts_ecological_climate,emission_of_carbon_and_greenhouse_gases,carbon_sequestration,decreased,nbs_effect,emissions decreased = sequestration positive (direction inverted on emit),pete (pending),2026-10-06,false
impacts_ecological_climate,fire_risk,fire_hazard,decreased,nbs_effect,,pete (pending),2026-10-06,false
impacts_offsite,downstream_flooding,flood_hazard,reduced,nbs_effect,off-site: downstream flooding reduced,pete (pending),2026-10-06,false
impacts_offsite,downstream_siltation,sediment_retention,decreased,nbs_effect,siltation decreased = retention positive (direction inverted on emit),pete (pending),2026-10-06,false
impacts_offsite,water_availability,water_access_deficit,increased,nbs_effect,off-site water availability increased = deficit decreased (direction inverted on emit),pete (pending),2026-10-06,false
