mapping_id,nbs_id,dataset_id,suitability_dimension,relationship_type,relationship_params,uncertainty_pct,context_overrides,is_scenario_candidate,scenario_label,scenario_description,has_future_projection,baseline_dataset_id,future_dataset_ids,weight_default,weight_adjustable,justification,variable,suitability_family_id,evidence_ids,n_sources,corpus_n,paper_support_pct
forest_restoration__active_planting__elevation,forest_restoration,srtm_dem_90m,biophysical_constraint,trapezoidal,"{""abs_max"": 3500.0}",20.0,[],false,,,false,,,0.1667,true,"Reconciled from 2 evidence unit(s) (weighted median, tier×claim_basis). Global {'abs_max': 3500.0}; uncertainty ±20% from spread. ",elevation,forest_restoration__active_planting,"[""ev_fr_elevation_zomer08_1"", ""ev_fr_elevation_busch19_1""]",2,14,20.8
forest_restoration__active_planting__tree_canopy_cover,forest_restoration,hansen_treecover2000,biophysical_constraint,trapezoidal,"{""abs_max"": 30.0}",20.0,[],false,,,false,,,0.1667,true,"Reconciled from 2 evidence unit(s) (weighted median, tier×claim_basis). Global {'abs_max': 30.0}; uncertainty ±20% from spread. ",tree_canopy_cover,forest_restoration__active_planting,"[""ev_fr_tree_canopy_cover_zomer08_1"", ""ev_fr_tree_canopy_cover_busch19_1""]",2,14,20.8
forest_restoration__active_planting__slope,forest_restoration,srtm_dem_30m,biophysical_constraint,trapezoidal,"{""abs_max"": 36.9}",20.0,[],false,,,false,,,0.1667,true,"Reconciled from 2 evidence unit(s) (weighted median, tier×claim_basis). Global {'abs_max': 36.9}; uncertainty ±20% from spread. ",slope,forest_restoration__active_planting,"[""ev_fr_slope_busch19_1"", ""ev_fr_slope_oliveira26_1""]",2,14,16.7
forest_restoration__active_planting__population_density,forest_restoration,,biophysical_constraint,trapezoidal,"{""abs_max"": 10.0}",30.0,[],false,,,false,,,0.1667,true,"Reconciled from 1 evidence unit(s) (weighted median, tier×claim_basis). Global {'abs_max': 10.0}; uncertainty ±30% from spread. ",population_density,forest_restoration__active_planting,"[""ev_fr_population_density_chazdon16_2""]",1,14,10.4
forest_restoration__active_planting__aridity_index,forest_restoration,global_aridity_index_v3,biophysical_constraint,trapezoidal,"{""abs_min"": 0.65}",20.0,[],false,,,false,,,0.1667,true,"Reconciled from 1 evidence unit(s) (weighted median, tier×claim_basis). Global {'abs_min': 0.65}; uncertainty ±20% from spread. ",aridity_index,forest_restoration__active_planting,"[""ev_fr_aridity_index_zomer08_1""]",1,14,10.4
forest_restoration__active_planting__distance_to_plantation,forest_restoration,,biophysical_constraint,trapezoidal,"{""abs_max"": 40.0}",20.0,[],false,,,false,,,0.1667,true,"Reconciled from 1 evidence unit(s) (weighted median, tier×claim_basis). Global {'abs_max': 40.0}; uncertainty ±20% from spread. ",distance_to_plantation,forest_restoration__active_planting,"[""ev_fr_distance_to_plantation_bukoski24_1""]",,,
forest_restoration__passive_regeneration__distance_to_forest,forest_restoration,,biophysical_constraint,trapezoidal,"{""abs_max"": 5.0}",60.0,[],false,,,false,,,0.25,true,"Reconciled from 6 evidence unit(s) (weighted median, tier×claim_basis). Global {'abs_max': 5.0}; uncertainty ±60% from spread. ",distance_to_forest,forest_restoration__passive_regeneration,"[""ev_fr_distance_to_forest_barros22_1"", ""ev_fr_distance_to_forest_bukoski24_1"", ""ev_fr_distance_to_forest_cookpatton20_1"", ""ev_fr_distance_to_forest_chazdonguariguata16_1"", ""ev_fr_distance_to_forest_shive18_1"", ""ev_fr_distance_to_forest_williams24_2""]",6,11,60.5
forest_restoration__passive_regeneration__population_density,forest_restoration,,biophysical_constraint,trapezoidal,"{""abs_max"": 10.0}",30.0,[],false,,,false,,,0.25,true,"Reconciled from 1 evidence unit(s) (weighted median, tier×claim_basis). Global {'abs_max': 10.0}; uncertainty ±30% from spread. ",population_density,forest_restoration__passive_regeneration,"[""ev_fr_population_density_chazdon16_1""]",1,11,11.6
forest_restoration__passive_regeneration__tree_canopy_cover,forest_restoration,hansen_treecover2000,biophysical_constraint,trapezoidal,"{""abs_max"": 25.0}",20.0,[],false,,,false,,,0.25,true,"Reconciled from 1 evidence unit(s) (weighted median, tier×claim_basis). Global {'abs_max': 25.0}; uncertainty ±20% from spread. ",tree_canopy_cover,forest_restoration__passive_regeneration,"[""ev_fr_tree_canopy_cover_cookpatton20_1""]",1,11,11.6
forest_restoration__passive_regeneration__forest_fragment_size,forest_restoration,hansen_treecover2000,biophysical_constraint,trapezoidal,"{""abs_min"": 100.0}",20.0,[],false,,,false,,,0.25,true,"Reconciled from 1 evidence unit(s) (weighted median, tier×claim_basis). Global {'abs_min': 100.0}; uncertainty ±20% from spread. ",forest_fragment_size,forest_restoration__passive_regeneration,"[""ev_fr_forest_fragment_size_barros22_1""]",1,11,7.0
