record_id,nbs_id,variable_id,variable_type,effect_direction,effect_confidence,effect_mechanism,conditionality,timescale_of_effect,economic_indicator_type,economic_value_range,justification,economic_archetype_id,evidence_ids,suitability_family_id,scope_type,scope_id,applicability,family_spread,magnitude_summary,evidence_level,agreement_level,context_dependent
agroforestry__biodiversity_priority,agroforestry,biodiversity_priority,opportunity_space_variable,slight_positive,medium,"[prose pending] agroforestry increases biodiversity_priority (strength not quantified in the evidence) in Global (limited evidence, high agreement → medium confidence; transfer: in_context).",,medium_term_3_7yr,,,"{""statement"": ""agroforestry increases biodiversity_priority (strength not quantified in the evidence) in Global (limited evidence, high agreement → medium confidence; transfer: in_context)."", ""strength_basis"": ""direction_only"", ""evidence_summary"": [""castle_sr_2021 · ESI silvopasture biodiversity carbon PES Colombia · positive/unspecified · (Global; lic_lmic) · [ev_t6_biodiv_esi_castle21_10]""], ""agreement_note"": ""weighted sign agreement 1.0: positive 1 ['ev_t6_biodiv_esi_castle21_10']; negative 0 []; null 0 []."", ""proxies"": [], ""key_evidence_ids"": [""ev_t6_biodiv_esi_castle21_10""], ""source_mix"": {""peer_reviewed"": 1, ""grey"": 0, ""expert"": 0}, ""prose_pending"": true}",,"[""ev_t6_biodiv_esi_castle21_10""]",,,,"{""income_groups"": {""lic_lmic"": 1}, ""aezs"": {""unknown"": 1}, ""farming_systems"": {""unknown"": 1}, ""countries"": [""Global""], ""n_sources_in_scope"": 1, ""weight_share_in_context"": 1.0, ""target"": {""income_group"": ""lic_lmic""}, ""transfer_class"": ""in_context""}",false,,limited,high,false
agroforestry__planted_silvoarable__biodiversity_priority,agroforestry,biodiversity_priority,opportunity_space_variable,slight_positive,medium,"[prose pending] agroforestry increases biodiversity_priority (strength not quantified in the evidence) in Global (limited evidence, high agreement → medium confidence; transfer: in_context).",,medium_term_3_7yr,,,"{""statement"": ""agroforestry increases biodiversity_priority (strength not quantified in the evidence) in Global (limited evidence, high agreement → medium confidence; transfer: in_context)."", ""strength_basis"": ""direction_only"", ""evidence_summary"": [""castle_sr_2021 · ESI silvopasture biodiversity carbon PES Colombia · positive/unspecified · (Global; lic_lmic) · [ev_t6_biodiv_esi_castle21_10]""], ""agreement_note"": ""weighted sign agreement 1.0: positive 1 ['ev_t6_biodiv_esi_castle21_10']; negative 0 []; null 0 []."", ""proxies"": [], ""key_evidence_ids"": [""ev_t6_biodiv_esi_castle21_10""], ""source_mix"": {""peer_reviewed"": 1, ""grey"": 0, ""expert"": 0}, ""prose_pending"": true}",,"[""ev_t6_biodiv_esi_castle21_10""]",agroforestry__planted_silvoarable,,,"{""income_groups"": {""lic_lmic"": 1}, ""aezs"": {""unknown"": 1}, ""farming_systems"": {""unknown"": 1}, ""countries"": [""Global""], ""n_sources_in_scope"": 1, ""weight_share_in_context"": 1.0, ""target"": {""income_group"": ""lic_lmic""}, ""transfer_class"": ""in_context""}",false,,limited,high,false
agroforestry__cost_per_hectare_restored,agroforestry,cost_per_hectare_restored,economic_indicator,,very_low,"[prose pending] agroforestry shows no effect on cost_per_hectare_restored (strength not quantified in the evidence) in ETH, KEN, MDG (limited evidence, low agreement → very_low confidence; transfer: in_context).",,,cost_per_hectare_restored,,"{""statement"": ""agroforestry shows no effect on cost_per_hectare_restored (strength not quantified in the evidence) in ETH, KEN, MDG (limited evidence, low agreement → very_low confidence; transfer: in_context)."", ""strength_basis"": ""direction_only"", ""evidence_summary"": [""wb_fsrp_2022 · Total Project Cost · (ETH,MDG; low) · [ev_t6_total_cost_fsrp22_1]"", ""wb_kcsap_2016 · Total Project Cost · absolute=279.7 usd_million · (KEN; lower_middle) · [ev_t6_proj_cost_kcsap16_1]""], ""agreement_note"": ""weighted sign agreement 0.0: positive 0 []; negative 0 []; null 2 ['ev_t6_total_cost_fsrp22_1', 'ev_t6_proj_cost_kcsap16_1']."", ""proxies"": [], ""key_evidence_ids"": [""ev_t6_total_cost_fsrp22_1"", ""ev_t6_proj_cost_kcsap16_1""], ""source_mix"": {""peer_reviewed"": 2, ""grey"": 0, ""expert"": 0}, ""prose_pending"": true}",,"[""ev_t6_total_cost_fsrp22_1"", ""ev_t6_proj_cost_kcsap16_1""]",,,,"{""income_groups"": {""low"": 1, ""lower_middle"": 1}, ""aezs"": {""unknown"": 2}, ""farming_systems"": {""unknown"": 2}, ""countries"": [""ETH"", ""KEN"", ""MDG""], ""n_sources_in_scope"": 2, ""weight_share_in_context"": 1.0, ""target"": {""income_group"": ""lic_lmic""}, ""transfer_class"": ""in_context""}",false,,limited,low,false
agroforestry__cost_per_hectare_restored__income_group-lic_lmic,agroforestry,cost_per_hectare_restored,economic_indicator,,very_low,"[prose pending] agroforestry shows no effect on cost_per_hectare_restored (strength not quantified in the evidence) in ETH, KEN, MDG (limited evidence, low agreement → very_low confidence; transfer: in_context).",,,cost_per_hectare_restored,,"{""statement"": ""agroforestry shows no effect on cost_per_hectare_restored (strength not quantified in the evidence) in ETH, KEN, MDG (limited evidence, low agreement → very_low confidence; transfer: in_context)."", ""strength_basis"": ""direction_only"", ""evidence_summary"": [""wb_fsrp_2022 · Total Project Cost · (ETH,MDG; low) · [ev_t6_total_cost_fsrp22_1]"", ""wb_kcsap_2016 · Total Project Cost · absolute=279.7 usd_million · (KEN; lower_middle) · [ev_t6_proj_cost_kcsap16_1]""], ""agreement_note"": ""weighted sign agreement 0.0: positive 0 []; negative 0 []; null 2 ['ev_t6_total_cost_fsrp22_1', 'ev_t6_proj_cost_kcsap16_1']."", ""proxies"": [], ""key_evidence_ids"": [""ev_t6_total_cost_fsrp22_1"", ""ev_t6_proj_cost_kcsap16_1""], ""source_mix"": {""peer_reviewed"": 2, ""grey"": 0, ""expert"": 0}, ""prose_pending"": true}",,"[""ev_t6_total_cost_fsrp22_1"", ""ev_t6_proj_cost_kcsap16_1""]",,income_group,lic_lmic,"{""income_groups"": {""low"": 1, ""lower_middle"": 1}, ""aezs"": {""unknown"": 2}, ""farming_systems"": {""unknown"": 2}, ""countries"": [""ETH"", ""KEN"", ""MDG""], ""n_sources_in_scope"": 2, ""weight_share_in_context"": 1.0, ""target"": {""income_group"": ""lic_lmic""}, ""transfer_class"": ""in_context""}",false,,limited,low,false
agroforestry__planted_silvoarable__cost_per_hectare_restored,agroforestry,cost_per_hectare_restored,economic_indicator,,very_low,"[prose pending] agroforestry shows no effect on cost_per_hectare_restored (strength not quantified in the evidence) in ETH, KEN, MDG (limited evidence, low agreement → very_low confidence; transfer: in_context).",,,cost_per_hectare_restored,,"{""statement"": ""agroforestry shows no effect on cost_per_hectare_restored (strength not quantified in the evidence) in ETH, KEN, MDG (limited evidence, low agreement → very_low confidence; transfer: in_context)."", ""strength_basis"": ""direction_only"", ""evidence_summary"": [""wb_fsrp_2022 · Total Project Cost · (ETH,MDG; low) · [ev_t6_total_cost_fsrp22_1]"", ""wb_kcsap_2016 · Total Project Cost · absolute=279.7 usd_million · (KEN; lower_middle) · [ev_t6_proj_cost_kcsap16_1]""], ""agreement_note"": ""weighted sign agreement 0.0: positive 0 []; negative 0 []; null 2 ['ev_t6_total_cost_fsrp22_1', 'ev_t6_proj_cost_kcsap16_1']."", ""proxies"": [], ""key_evidence_ids"": [""ev_t6_total_cost_fsrp22_1"", ""ev_t6_proj_cost_kcsap16_1""], ""source_mix"": {""peer_reviewed"": 2, ""grey"": 0, ""expert"": 0}, ""prose_pending"": true}",,"[""ev_t6_total_cost_fsrp22_1"", ""ev_t6_proj_cost_kcsap16_1""]",agroforestry__planted_silvoarable,,,"{""income_groups"": {""low"": 1, ""lower_middle"": 1}, ""aezs"": {""unknown"": 2}, ""farming_systems"": {""unknown"": 2}, ""countries"": [""ETH"", ""KEN"", ""MDG""], ""n_sources_in_scope"": 2, ""weight_share_in_context"": 1.0, ""target"": {""income_group"": ""lic_lmic""}, ""transfer_class"": ""in_context""}",false,,limited,low,false
agroforestry__drought_hazard,agroforestry,drought_hazard,climate_hazard_mitigation,slight_positive,medium,"[prose pending] agroforestry increases drought_hazard (strength not quantified in the evidence) in semi_arid (limited evidence, high agreement → medium confidence; transfer: in_context).",,medium_term_3_7yr,,,"{""statement"": ""agroforestry increases drought_hazard (strength not quantified in the evidence) in semi_arid (limited evidence, high agreement → medium confidence; transfer: in_context)."", ""strength_basis"": ""direction_only"", ""evidence_summary"": [""quandt_resilience_2017 · negative/unspecified · (KEN; lower_middle; semi_arid; mixed_crop_livestock) · [ev_t3_drought_lh_quandt17_1]"", ""wb_kcsap_2016 · agroforestry · negative/unspecified · (KEN; lower_middle; mixed_crop_livestock) · [ev_t3_drought_kcsap16_3]""], ""agreement_note"": ""weighted sign agreement 1.0: positive 2 ['ev_t3_drought_lh_quandt17_1', 'ev_t3_drought_kcsap16_3']; negative 0 []; null 0 []."", ""proxies"": [], ""key_evidence_ids"": [""ev_t3_drought_lh_quandt17_1"", ""ev_t3_drought_kcsap16_3""], ""source_mix"": {""peer_reviewed"": 2, ""grey"": 0, ""expert"": 0}, ""prose_pending"": true}",,"[""ev_t3_drought_lh_quandt17_1"", ""ev_t3_drought_kcsap16_3""]",,,,"{""income_groups"": {""lower_middle"": 2}, ""aezs"": {""semi_arid"": 1, ""unknown"": 1}, ""farming_systems"": {""mixed_crop_livestock"": 2}, ""countries"": [""KEN""], ""n_sources_in_scope"": 2, ""weight_share_in_context"": 1.0, ""target"": {""income_group"": ""lic_lmic""}, ""transfer_class"": ""in_context""}",false,,limited,high,false
agroforestry__planted_silvoarable__drought_hazard,agroforestry,drought_hazard,climate_hazard_mitigation,slight_positive,medium,"[prose pending] agroforestry increases drought_hazard (strength not quantified in the evidence) in semi_arid (limited evidence, high agreement → medium confidence; transfer: in_context).",,medium_term_3_7yr,,,"{""statement"": ""agroforestry increases drought_hazard (strength not quantified in the evidence) in semi_arid (limited evidence, high agreement → medium confidence; transfer: in_context)."", ""strength_basis"": ""direction_only"", ""evidence_summary"": [""quandt_resilience_2017 · negative/unspecified · (KEN; lower_middle; semi_arid; mixed_crop_livestock) · [ev_t3_drought_lh_quandt17_1]"", ""wb_kcsap_2016 · agroforestry · negative/unspecified · (KEN; lower_middle; mixed_crop_livestock) · [ev_t3_drought_kcsap16_3]""], ""agreement_note"": ""weighted sign agreement 1.0: positive 2 ['ev_t3_drought_lh_quandt17_1', 'ev_t3_drought_kcsap16_3']; negative 0 []; null 0 []."", ""proxies"": [], ""key_evidence_ids"": [""ev_t3_drought_lh_quandt17_1"", ""ev_t3_drought_kcsap16_3""], ""source_mix"": {""peer_reviewed"": 2, ""grey"": 0, ""expert"": 0}, ""prose_pending"": true}",,"[""ev_t3_drought_lh_quandt17_1"", ""ev_t3_drought_kcsap16_3""]",agroforestry__planted_silvoarable,,,"{""income_groups"": {""lower_middle"": 2}, ""aezs"": {""semi_arid"": 1, ""unknown"": 1}, ""farming_systems"": {""mixed_crop_livestock"": 2}, ""countries"": [""KEN""], ""n_sources_in_scope"": 2, ""weight_share_in_context"": 1.0, ""target"": {""income_group"": ""lic_lmic""}, ""transfer_class"": ""in_context""}",false,,limited,high,false
agroforestry__establishment_cost,agroforestry,establishment_cost,economic_indicator,,very_low,"[prose pending] agroforestry shows no effect on establishment_cost (strength not quantified in the evidence) in ETH, KEN, MDG (limited evidence, low agreement → very_low confidence; transfer: in_context).",,,establishment_cost,,"{""statement"": ""agroforestry shows no effect on establishment_cost (strength not quantified in the evidence) in ETH, KEN, MDG (limited evidence, low agreement → very_low confidence; transfer: in_context)."", ""strength_basis"": ""direction_only"", ""evidence_summary"": [""wb_fsrp_2022 · Total Project Cost · (ETH,MDG; low) · [ev_t6_total_cost_fsrp22_1]"", ""wb_kcsap_2016 · Total Project Cost · absolute=279.7 usd_million · (KEN; lower_middle) · [ev_t6_proj_cost_kcsap16_1]""], ""agreement_note"": ""weighted sign agreement 0.0: positive 0 []; negative 0 []; null 2 ['ev_t6_total_cost_fsrp22_1', 'ev_t6_proj_cost_kcsap16_1']."", ""proxies"": [], ""key_evidence_ids"": [""ev_t6_total_cost_fsrp22_1"", ""ev_t6_proj_cost_kcsap16_1""], ""source_mix"": {""peer_reviewed"": 2, ""grey"": 0, ""expert"": 0}, ""prose_pending"": true}",,"[""ev_t6_total_cost_fsrp22_1"", ""ev_t6_proj_cost_kcsap16_1""]",,,,"{""income_groups"": {""low"": 1, ""lower_middle"": 1}, ""aezs"": {""unknown"": 2}, ""farming_systems"": {""unknown"": 2}, ""countries"": [""ETH"", ""KEN"", ""MDG""], ""n_sources_in_scope"": 2, ""weight_share_in_context"": 1.0, ""target"": {""income_group"": ""lic_lmic""}, ""transfer_class"": ""in_context""}",false,,limited,low,false
agroforestry__establishment_cost__income_group-lic_lmic,agroforestry,establishment_cost,economic_indicator,,very_low,"[prose pending] agroforestry shows no effect on establishment_cost (strength not quantified in the evidence) in ETH, KEN, MDG (limited evidence, low agreement → very_low confidence; transfer: in_context).",,,establishment_cost,,"{""statement"": ""agroforestry shows no effect on establishment_cost (strength not quantified in the evidence) in ETH, KEN, MDG (limited evidence, low agreement → very_low confidence; transfer: in_context)."", ""strength_basis"": ""direction_only"", ""evidence_summary"": [""wb_fsrp_2022 · Total Project Cost · (ETH,MDG; low) · [ev_t6_total_cost_fsrp22_1]"", ""wb_kcsap_2016 · Total Project Cost · absolute=279.7 usd_million · (KEN; lower_middle) · [ev_t6_proj_cost_kcsap16_1]""], ""agreement_note"": ""weighted sign agreement 0.0: positive 0 []; negative 0 []; null 2 ['ev_t6_total_cost_fsrp22_1', 'ev_t6_proj_cost_kcsap16_1']."", ""proxies"": [], ""key_evidence_ids"": [""ev_t6_total_cost_fsrp22_1"", ""ev_t6_proj_cost_kcsap16_1""], ""source_mix"": {""peer_reviewed"": 2, ""grey"": 0, ""expert"": 0}, ""prose_pending"": true}",,"[""ev_t6_total_cost_fsrp22_1"", ""ev_t6_proj_cost_kcsap16_1""]",,income_group,lic_lmic,"{""income_groups"": {""low"": 1, ""lower_middle"": 1}, ""aezs"": {""unknown"": 2}, ""farming_systems"": {""unknown"": 2}, ""countries"": [""ETH"", ""KEN"", ""MDG""], ""n_sources_in_scope"": 2, ""weight_share_in_context"": 1.0, ""target"": {""income_group"": ""lic_lmic""}, ""transfer_class"": ""in_context""}",false,,limited,low,false
agroforestry__planted_silvoarable__establishment_cost,agroforestry,establishment_cost,economic_indicator,,very_low,"[prose pending] agroforestry shows no effect on establishment_cost (strength not quantified in the evidence) in ETH, KEN, MDG (limited evidence, low agreement → very_low confidence; transfer: in_context).",,,establishment_cost,,"{""statement"": ""agroforestry shows no effect on establishment_cost (strength not quantified in the evidence) in ETH, KEN, MDG (limited evidence, low agreement → very_low confidence; transfer: in_context)."", ""strength_basis"": ""direction_only"", ""evidence_summary"": [""wb_fsrp_2022 · Total Project Cost · (ETH,MDG; low) · [ev_t6_total_cost_fsrp22_1]"", ""wb_kcsap_2016 · Total Project Cost · absolute=279.7 usd_million · (KEN; lower_middle) · [ev_t6_proj_cost_kcsap16_1]""], ""agreement_note"": ""weighted sign agreement 0.0: positive 0 []; negative 0 []; null 2 ['ev_t6_total_cost_fsrp22_1', 'ev_t6_proj_cost_kcsap16_1']."", ""proxies"": [], ""key_evidence_ids"": [""ev_t6_total_cost_fsrp22_1"", ""ev_t6_proj_cost_kcsap16_1""], ""source_mix"": {""peer_reviewed"": 2, ""grey"": 0, ""expert"": 0}, ""prose_pending"": true}",,"[""ev_t6_total_cost_fsrp22_1"", ""ev_t6_proj_cost_kcsap16_1""]",agroforestry__planted_silvoarable,,,"{""income_groups"": {""low"": 1, ""lower_middle"": 1}, ""aezs"": {""unknown"": 2}, ""farming_systems"": {""unknown"": 2}, ""countries"": [""ETH"", ""KEN"", ""MDG""], ""n_sources_in_scope"": 2, ""weight_share_in_context"": 1.0, ""target"": {""income_group"": ""lic_lmic""}, ""transfer_class"": ""in_context""}",false,,limited,low,false
agroforestry__flood_hazard,agroforestry,flood_hazard,climate_hazard_mitigation,slight_positive,high,"[prose pending] agroforestry increases flood_hazard (strength not quantified in the evidence) in semi_arid (medium evidence, high agreement → high confidence; transfer: in_context).",,medium_term_3_7yr,,,"{""statement"": ""agroforestry increases flood_hazard (strength not quantified in the evidence) in semi_arid (medium evidence, high agreement → high confidence; transfer: in_context)."", ""strength_basis"": ""direction_only"", ""evidence_summary"": [""quandt_resilience_2017 · livelihood resilience to floods · negative/unspecified · (KEN; lower_middle; semi_arid; mixed_crop_livestock) · [ev_t3_flood_conclusion_quandt17_11]"", ""wb_fsrp_2022 · protection and restoration of natural catchments, riverbanks, and groundwater recharge · negative/unspecified · (ETH,MDG; low; all) · [ev_t3_grndwtr_recharge_fsrp22_1]"", ""wb_kcsap_2016 · forest and watershed protection (CSA SLM) · negative/unspecified · (KEN; lower_middle; mixed_crop_livestock) · [ev_t3_flood_kcsap16_2]""], ""agreement_note"": ""weighted sign agreement 1.0: positive 3 ['ev_t3_flood_conclusion_quandt17_11', 'ev_t3_grndwtr_recharge_fsrp22_1', 'ev_t3_flood_kcsap16_2']; negative 0 []; null 0 []."", ""proxies"": [], ""key_evidence_ids"": [""ev_t3_flood_conclusion_quandt17_11"", ""ev_t3_grndwtr_recharge_fsrp22_1"", ""ev_t3_flood_kcsap16_2""], ""source_mix"": {""peer_reviewed"": 3, ""grey"": 0, ""expert"": 0}, ""prose_pending"": true}",,"[""ev_t3_flood_conclusion_quandt17_11"", ""ev_t3_grndwtr_recharge_fsrp22_1"", ""ev_t3_flood_kcsap16_2""]",,,,"{""income_groups"": {""low"": 1, ""lower_middle"": 2}, ""aezs"": {""semi_arid"": 1, ""unknown"": 2}, ""farming_systems"": {""all"": 1, ""mixed_crop_livestock"": 2}, ""countries"": [""ETH"", ""KEN"", ""MDG""], ""n_sources_in_scope"": 3, ""weight_share_in_context"": 1.0, ""target"": {""income_group"": ""lic_lmic""}, ""transfer_class"": ""in_context""}",false,,medium,high,false
agroforestry__planted_silvoarable__flood_hazard,agroforestry,flood_hazard,climate_hazard_mitigation,slight_positive,high,"[prose pending] agroforestry increases flood_hazard (strength not quantified in the evidence) in semi_arid (medium evidence, high agreement → high confidence; transfer: in_context).",,medium_term_3_7yr,,,"{""statement"": ""agroforestry increases flood_hazard (strength not quantified in the evidence) in semi_arid (medium evidence, high agreement → high confidence; transfer: in_context)."", ""strength_basis"": ""direction_only"", ""evidence_summary"": [""quandt_resilience_2017 · livelihood resilience to floods · negative/unspecified · (KEN; lower_middle; semi_arid; mixed_crop_livestock) · [ev_t3_flood_conclusion_quandt17_11]"", ""wb_fsrp_2022 · protection and restoration of natural catchments, riverbanks, and groundwater recharge · negative/unspecified · (ETH,MDG; low; all) · [ev_t3_grndwtr_recharge_fsrp22_1]"", ""wb_kcsap_2016 · forest and watershed protection (CSA SLM) · negative/unspecified · (KEN; lower_middle; mixed_crop_livestock) · [ev_t3_flood_kcsap16_2]""], ""agreement_note"": ""weighted sign agreement 1.0: positive 3 ['ev_t3_flood_conclusion_quandt17_11', 'ev_t3_grndwtr_recharge_fsrp22_1', 'ev_t3_flood_kcsap16_2']; negative 0 []; null 0 []."", ""proxies"": [], ""key_evidence_ids"": [""ev_t3_flood_conclusion_quandt17_11"", ""ev_t3_grndwtr_recharge_fsrp22_1"", ""ev_t3_flood_kcsap16_2""], ""source_mix"": {""peer_reviewed"": 3, ""grey"": 0, ""expert"": 0}, ""prose_pending"": true}",,"[""ev_t3_flood_conclusion_quandt17_11"", ""ev_t3_grndwtr_recharge_fsrp22_1"", ""ev_t3_flood_kcsap16_2""]",agroforestry__planted_silvoarable,,,"{""income_groups"": {""low"": 1, ""lower_middle"": 2}, ""aezs"": {""semi_arid"": 1, ""unknown"": 2}, ""farming_systems"": {""all"": 1, ""mixed_crop_livestock"": 2}, ""countries"": [""ETH"", ""KEN"", ""MDG""], ""n_sources_in_scope"": 3, ""weight_share_in_context"": 1.0, ""target"": {""income_group"": ""lic_lmic""}, ""transfer_class"": ""in_context""}",false,,medium,high,false
agroforestry__heat_stress_hazard,agroforestry,heat_stress_hazard,climate_hazard_mitigation,slight_positive,medium,"[prose pending] agroforestry increases heat_stress_hazard (strength not quantified in the evidence) in semi_arid (limited evidence, high agreement → medium confidence; transfer: in_context).",,,,,"{""statement"": ""agroforestry increases heat_stress_hazard (strength not quantified in the evidence) in semi_arid (limited evidence, high agreement → medium confidence; transfer: in_context)."", ""strength_basis"": ""direction_only"", ""evidence_summary"": [""quandt_resilience_2017 · microclimate temperature buffer · positive/unspecified · (KEN; lower_middle; semi_arid; mixed_crop_livestock) · [ev_t3_microclimate_shade_quandt17_3]""], ""agreement_note"": ""weighted sign agreement 1.0: positive 1 ['ev_t3_microclimate_shade_quandt17_3']; negative 0 []; null 0 []."", ""proxies"": [""microclimate_buffering→heat_stress_hazard (component)""], ""key_evidence_ids"": [""ev_t3_microclimate_shade_quandt17_3""], ""source_mix"": {""peer_reviewed"": 1, ""grey"": 0, ""expert"": 0}, ""prose_pending"": true}",,"[""ev_t3_microclimate_shade_quandt17_3""]",,,,"{""income_groups"": {""lower_middle"": 1}, ""aezs"": {""semi_arid"": 1}, ""farming_systems"": {""mixed_crop_livestock"": 1}, ""countries"": [""KEN""], ""n_sources_in_scope"": 1, ""weight_share_in_context"": 1.0, ""target"": {""income_group"": ""lic_lmic""}, ""transfer_class"": ""in_context""}",false,,limited,high,false
agroforestry__planted_silvoarable__heat_stress_hazard,agroforestry,heat_stress_hazard,climate_hazard_mitigation,slight_positive,medium,"[prose pending] agroforestry increases heat_stress_hazard (strength not quantified in the evidence) in semi_arid (limited evidence, high agreement → medium confidence; transfer: in_context).",,,,,"{""statement"": ""agroforestry increases heat_stress_hazard (strength not quantified in the evidence) in semi_arid (limited evidence, high agreement → medium confidence; transfer: in_context)."", ""strength_basis"": ""direction_only"", ""evidence_summary"": [""quandt_resilience_2017 · microclimate temperature buffer · positive/unspecified · (KEN; lower_middle; semi_arid; mixed_crop_livestock) · [ev_t3_microclimate_shade_quandt17_3]""], ""agreement_note"": ""weighted sign agreement 1.0: positive 1 ['ev_t3_microclimate_shade_quandt17_3']; negative 0 []; null 0 []."", ""proxies"": [""microclimate_buffering→heat_stress_hazard (component)""], ""key_evidence_ids"": [""ev_t3_microclimate_shade_quandt17_3""], ""source_mix"": {""peer_reviewed"": 1, ""grey"": 0, ""expert"": 0}, ""prose_pending"": true}",,"[""ev_t3_microclimate_shade_quandt17_3""]",agroforestry__planted_silvoarable,,,"{""income_groups"": {""lower_middle"": 1}, ""aezs"": {""semi_arid"": 1}, ""farming_systems"": {""mixed_crop_livestock"": 1}, ""countries"": [""KEN""], ""n_sources_in_scope"": 1, ""weight_share_in_context"": 1.0, ""target"": {""income_group"": ""lic_lmic""}, ""transfer_class"": ""in_context""}",false,,limited,high,false
agroforestry__production_gap,agroforestry,production_gap,opportunity_space_variable,strong_positive,high,"[prose pending] agroforestry strongly increases production_gap in ETH, Global, KEN, MDG (medium evidence, high agreement → high confidence; transfer: in_context).",,,,,"{""statement"": ""agroforestry strongly increases production_gap in ETH, Global, KEN, MDG (medium evidence, high agreement → high confidence; transfer: in_context)."", ""strength_basis"": ""quantified"", ""evidence_summary"": [""wb_fsrp_2022 · Change in yields of targeted crops (cereals, pulses) · absolute=10.0 [10.0, 20.0] percent_change · (ETH,MDG; low) · [ev_t6_yield_cereals_fsrp22_9]"", ""wb_kcsap_2016 · Increase in productivity of selected agricultural commodities (Results Framework PDO indicator) · (KEN; lower_middle) · [ev_t6_yield_target_kcsap16_13]"", ""castle_sr_2021 · meta_analysis · Hedge's g crop yield meta-analysis · positive/strong · smd_hedges_g=1.16 [-0.35, 2.67] unitless · ns · (Global; lic_lmic) · [ev_t6_yield_meta_castle21_1]""], ""agreement_note"": ""weighted sign agreement 1.0: positive 1 ['ev_t6_yield_meta_castle21_1']; negative 0 []; null 2 ['ev_t6_yield_cereals_fsrp22_9', 'ev_t6_yield_target_kcsap16_13']."", ""proxies"": [], ""key_evidence_ids"": [""ev_t6_yield_cereals_fsrp22_9"", ""ev_t6_yield_target_kcsap16_13"", ""ev_t6_yield_meta_castle21_1""], ""source_mix"": {""peer_reviewed"": 3, ""grey"": 0, ""expert"": 0}, ""prose_pending"": true}",,"[""ev_t6_yield_meta_castle21_1"", ""ev_t6_yield_cereals_fsrp22_9"", ""ev_t6_yield_target_kcsap16_13""]",,,,"{""income_groups"": {""lic_lmic"": 1, ""low"": 1, ""lower_middle"": 1}, ""aezs"": {""unknown"": 3}, ""farming_systems"": {""unknown"": 3}, ""countries"": [""ETH"", ""Global"", ""KEN"", ""MDG""], ""n_sources_in_scope"": 3, ""weight_share_in_context"": 1.0, ""target"": {""income_group"": ""lic_lmic""}, ""transfer_class"": ""in_context""}",false,,medium,high,false
agroforestry__planted_silvoarable__production_gap,agroforestry,production_gap,opportunity_space_variable,strong_positive,high,"[prose pending] agroforestry strongly increases production_gap in ETH, Global, KEN, MDG (medium evidence, high agreement → high confidence; transfer: in_context).",,,,,"{""statement"": ""agroforestry strongly increases production_gap in ETH, Global, KEN, MDG (medium evidence, high agreement → high confidence; transfer: in_context)."", ""strength_basis"": ""quantified"", ""evidence_summary"": [""wb_fsrp_2022 · Change in yields of targeted crops (cereals, pulses) · absolute=10.0 [10.0, 20.0] percent_change · (ETH,MDG; low) · [ev_t6_yield_cereals_fsrp22_9]"", ""wb_kcsap_2016 · Increase in productivity of selected agricultural commodities (Results Framework PDO indicator) · (KEN; lower_middle) · [ev_t6_yield_target_kcsap16_13]"", ""castle_sr_2021 · meta_analysis · Hedge's g crop yield meta-analysis · positive/strong · smd_hedges_g=1.16 [-0.35, 2.67] unitless · ns · (Global; lic_lmic) · [ev_t6_yield_meta_castle21_1]""], ""agreement_note"": ""weighted sign agreement 1.0: positive 1 ['ev_t6_yield_meta_castle21_1']; negative 0 []; null 2 ['ev_t6_yield_cereals_fsrp22_9', 'ev_t6_yield_target_kcsap16_13']."", ""proxies"": [], ""key_evidence_ids"": [""ev_t6_yield_cereals_fsrp22_9"", ""ev_t6_yield_target_kcsap16_13"", ""ev_t6_yield_meta_castle21_1""], ""source_mix"": {""peer_reviewed"": 3, ""grey"": 0, ""expert"": 0}, ""prose_pending"": true}",,"[""ev_t6_yield_meta_castle21_1"", ""ev_t6_yield_cereals_fsrp22_9"", ""ev_t6_yield_target_kcsap16_13""]",agroforestry__planted_silvoarable,,,"{""income_groups"": {""lic_lmic"": 1, ""low"": 1, ""lower_middle"": 1}, ""aezs"": {""unknown"": 3}, ""farming_systems"": {""unknown"": 3}, ""countries"": [""ETH"", ""Global"", ""KEN"", ""MDG""], ""n_sources_in_scope"": 3, ""weight_share_in_context"": 1.0, ""target"": {""income_group"": ""lic_lmic""}, ""transfer_class"": ""in_context""}",false,,medium,high,false
agroforestry__rural_poverty,agroforestry,rural_poverty,opportunity_space_variable,slight_positive,high,"[prose pending] agroforestry slightly increases rural_poverty in ETH, Global, KEN, MDG (medium evidence, high agreement → high confidence; transfer: in_context).",,,,,"{""statement"": ""agroforestry slightly increases rural_poverty in ETH, Global, KEN, MDG (medium evidence, high agreement → high confidence; transfer: in_context)."", ""strength_basis"": ""quantified"", ""evidence_summary"": [""wb_fsrp_2022 · economic internal rate of return (EIRR) · positive/unspecified · absolute=25.8 percent_eirr · (ETH,MDG; low) · [ev_t6_eirr_fsrp22_7]"", ""wb_kcsap_2016 · Economic Internal Rate of Return (EIRR) · positive/unspecified · absolute=16.7 percent_eirr · (KEN; lower_middle) · [ev_t6_eirr_kcsap16_4]"", ""castle_sr_2021 · meta_analysis · Hedges g household income meta-analysis 7 studies · positive/slight · smd_hedges_g=0.12 [-0.06, 0.3] unitless · ns · (Global; lic_lmic) · [ev_t6_income_meta_castle21_4]""], ""agreement_note"": ""weighted sign agreement 1.0: positive 3 ['ev_t6_income_meta_castle21_4', 'ev_t6_eirr_fsrp22_7', 'ev_t6_eirr_kcsap16_4']; negative 0 []; null 0 []."", ""proxies"": [""economic_return→rural_poverty (proxy)"", ""household_income→rural_poverty (proxy)""], ""key_evidence_ids"": [""ev_t6_eirr_fsrp22_7"", ""ev_t6_eirr_kcsap16_4"", ""ev_t6_income_meta_castle21_4""], ""source_mix"": {""peer_reviewed"": 3, ""grey"": 0, ""expert"": 0}, ""prose_pending"": true}",,"[""ev_t6_income_meta_castle21_4"", ""ev_t6_eirr_fsrp22_7"", ""ev_t6_eirr_kcsap16_4""]",,,,"{""income_groups"": {""lic_lmic"": 1, ""low"": 1, ""lower_middle"": 1}, ""aezs"": {""unknown"": 3}, ""farming_systems"": {""unknown"": 3}, ""countries"": [""ETH"", ""Global"", ""KEN"", ""MDG""], ""n_sources_in_scope"": 3, ""weight_share_in_context"": 1.0, ""target"": {""income_group"": ""lic_lmic""}, ""transfer_class"": ""in_context""}",false,"{""metric"": ""absolute"", ""unit"": ""percent_eirr"", ""median"": 16.7, ""low"": 16.7, ""high"": 25.8, ""n"": 2, ""income_groups"": {""low"": 1, ""lower_middle"": 1}}",medium,high,false
agroforestry__planted_silvoarable__rural_poverty,agroforestry,rural_poverty,opportunity_space_variable,slight_positive,high,"[prose pending] agroforestry slightly increases rural_poverty in ETH, Global, KEN, MDG (medium evidence, high agreement → high confidence; transfer: in_context).",,,,,"{""statement"": ""agroforestry slightly increases rural_poverty in ETH, Global, KEN, MDG (medium evidence, high agreement → high confidence; transfer: in_context)."", ""strength_basis"": ""quantified"", ""evidence_summary"": [""wb_fsrp_2022 · economic internal rate of return (EIRR) · positive/unspecified · absolute=25.8 percent_eirr · (ETH,MDG; low) · [ev_t6_eirr_fsrp22_7]"", ""wb_kcsap_2016 · Economic Internal Rate of Return (EIRR) · positive/unspecified · absolute=16.7 percent_eirr · (KEN; lower_middle) · [ev_t6_eirr_kcsap16_4]"", ""castle_sr_2021 · meta_analysis · Hedges g household income meta-analysis 7 studies · positive/slight · smd_hedges_g=0.12 [-0.06, 0.3] unitless · ns · (Global; lic_lmic) · [ev_t6_income_meta_castle21_4]""], ""agreement_note"": ""weighted sign agreement 1.0: positive 3 ['ev_t6_income_meta_castle21_4', 'ev_t6_eirr_fsrp22_7', 'ev_t6_eirr_kcsap16_4']; negative 0 []; null 0 []."", ""proxies"": [""economic_return→rural_poverty (proxy)"", ""household_income→rural_poverty (proxy)""], ""key_evidence_ids"": [""ev_t6_eirr_fsrp22_7"", ""ev_t6_eirr_kcsap16_4"", ""ev_t6_income_meta_castle21_4""], ""source_mix"": {""peer_reviewed"": 3, ""grey"": 0, ""expert"": 0}, ""prose_pending"": true}",,"[""ev_t6_income_meta_castle21_4"", ""ev_t6_eirr_fsrp22_7"", ""ev_t6_eirr_kcsap16_4""]",agroforestry__planted_silvoarable,,,"{""income_groups"": {""lic_lmic"": 1, ""low"": 1, ""lower_middle"": 1}, ""aezs"": {""unknown"": 3}, ""farming_systems"": {""unknown"": 3}, ""countries"": [""ETH"", ""Global"", ""KEN"", ""MDG""], ""n_sources_in_scope"": 3, ""weight_share_in_context"": 1.0, ""target"": {""income_group"": ""lic_lmic""}, ""transfer_class"": ""in_context""}",false,"{""metric"": ""absolute"", ""unit"": ""percent_eirr"", ""median"": 16.7, ""low"": 16.7, ""high"": 25.8, ""n"": 2, ""income_groups"": {""low"": 1, ""lower_middle"": 1}}",medium,high,false
agroforestry__soil_erosion_risk,agroforestry,soil_erosion_risk,opportunity_space_variable,slight_positive,high,"[prose pending] agroforestry increases soil_erosion_risk (strength not quantified in the evidence) in semi_arid (medium evidence, high agreement → high confidence; transfer: in_context).",,medium_term_3_7yr,,,"{""statement"": ""agroforestry increases soil_erosion_risk (strength not quantified in the evidence) in semi_arid (medium evidence, high agreement → high confidence; transfer: in_context)."", ""strength_basis"": ""direction_only"", ""evidence_summary"": [""quandt_resilience_2017 · prevent soil swept away by water · negative/unspecified · (KEN; lower_middle; semi_arid; mixed_crop_livestock) · [ev_t3_flood_erosion_quandt17_6]"", ""wb_fsrp_2022 · reduce surface runoffs and soil erosion · negative/unspecified · (ETH,MDG; low; all) · [ev_t3_erosion_runoff_fsrp22_2]"", ""wb_kcsap_2016 · agroforestry · negative/unspecified · (KEN; lower_middle; mixed_crop_livestock) · [ev_t3_erosion_kcsap16_1]""], ""agreement_note"": ""weighted sign agreement 1.0: positive 3 ['ev_t3_flood_erosion_quandt17_6', 'ev_t3_erosion_runoff_fsrp22_2', 'ev_t3_erosion_kcsap16_1']; negative 0 []; null 0 []."", ""proxies"": [], ""key_evidence_ids"": [""ev_t3_flood_erosion_quandt17_6"", ""ev_t3_erosion_runoff_fsrp22_2"", ""ev_t3_erosion_kcsap16_1""], ""source_mix"": {""peer_reviewed"": 3, ""grey"": 0, ""expert"": 0}, ""prose_pending"": true}",,"[""ev_t3_flood_erosion_quandt17_6"", ""ev_t3_erosion_runoff_fsrp22_2"", ""ev_t3_erosion_kcsap16_1""]",,,,"{""income_groups"": {""low"": 1, ""lower_middle"": 2}, ""aezs"": {""semi_arid"": 1, ""unknown"": 2}, ""farming_systems"": {""all"": 1, ""mixed_crop_livestock"": 2}, ""countries"": [""ETH"", ""KEN"", ""MDG""], ""n_sources_in_scope"": 3, ""weight_share_in_context"": 1.0, ""target"": {""income_group"": ""lic_lmic""}, ""transfer_class"": ""in_context""}",false,,medium,high,false
agroforestry__planted_silvoarable__soil_erosion_risk,agroforestry,soil_erosion_risk,opportunity_space_variable,slight_positive,medium,"[prose pending] agroforestry increases soil_erosion_risk (strength not quantified in the evidence) in ETH, KEN, MDG (limited evidence, high agreement → medium confidence; transfer: in_context).",,medium_term_3_7yr,,,"{""statement"": ""agroforestry increases soil_erosion_risk (strength not quantified in the evidence) in ETH, KEN, MDG (limited evidence, high agreement → medium confidence; transfer: in_context)."", ""strength_basis"": ""direction_only"", ""evidence_summary"": [""wb_fsrp_2022 · reduce surface runoffs and soil erosion · negative/unspecified · (ETH,MDG; low; all) · [ev_t3_erosion_runoff_fsrp22_2]"", ""wb_kcsap_2016 · agroforestry · negative/unspecified · (KEN; lower_middle; mixed_crop_livestock) · [ev_t3_erosion_kcsap16_1]""], ""agreement_note"": ""weighted sign agreement 1.0: positive 2 ['ev_t3_erosion_runoff_fsrp22_2', 'ev_t3_erosion_kcsap16_1']; negative 0 []; null 0 []."", ""proxies"": [], ""key_evidence_ids"": [""ev_t3_erosion_runoff_fsrp22_2"", ""ev_t3_erosion_kcsap16_1""], ""source_mix"": {""peer_reviewed"": 2, ""grey"": 0, ""expert"": 0}, ""prose_pending"": true}",,"[""ev_t3_erosion_runoff_fsrp22_2"", ""ev_t3_erosion_kcsap16_1""]",agroforestry__planted_silvoarable,,,"{""income_groups"": {""low"": 1, ""lower_middle"": 1}, ""aezs"": {""unknown"": 2}, ""farming_systems"": {""all"": 1, ""mixed_crop_livestock"": 1}, ""countries"": [""ETH"", ""KEN"", ""MDG""], ""n_sources_in_scope"": 2, ""weight_share_in_context"": 1.0, ""target"": {""income_group"": ""lic_lmic""}, ""transfer_class"": ""in_context""}",false,,limited,high,false
