nbs_id,evidence_id_or_source,question,status
water_harvesting_conservation,ev_*_rock10_2,Rockström 2010: tagged extreme drought with the cue taken from a table on the same page — confirm the author's wording applies to the result,open
water_harvesting_conservation,ev_*_boil19_1 / _2 / ev_food_security_boil19_1,Boillat 2019 Malawi 2015/16: tagged severe from the season description while results pages say 'below-average rainfall' (moderate) — pick one; also co-authored by P. Steward (tier capped medium),open
water_harvesting_conservation,ev_*_rock10_3,"Rockström: Syrian supplemental-irrigation yield gain >400 % — water may be groundwater, not harvested runoff (PICOS)",open
water_harvesting_conservation,ev_*_pals23_1 / _2,"Palsaniya 2023 preprint, 11 farmers with ponds; dry-season unit is really irrigation",open
water_harvesting_conservation,ev_*_mazv09_1,Mazvimavi 2009: drought-year yield gain of conservation farming confounded with fertiliser,open
agroforestry,ev_food_security_abasse23_1,"Abasse 2023: departments with dense FMNR had a cereal surplus in a drought year — co-occurrence across departments, confounded by population density",open
agroforestry,ev_crop_yield_robusti17_2,Robusti 2017: coffee plant deaths after frost recorded as crop_yield (no better variable); one young trial,open
agroforestry,ev_livestock_productivity_saucedo23_3,Saucedo 2023: '12 times more meat' uncited; same review elsewhere says 9–11 % — self-contradictory,open
agroforestry,ev_crop_yield_bayala14_1,Bayala 2014: cereal yield under parkland trees coded negative from a range spanning loss to gain by species,open
agroforestry,ev_livestock_productivity_guaqueta25_1,Guáqueta 2025: El Niño milk loss cited from a reference not checked; hazard left blank (sentence never names drought),open
agroforestry,cisneros_2024 forage-in-drought vs montagnini_2015 El Niño milk,Likely the same Colombian farm and drought counted twice — consider lineage link,open
forest_restoration,barajas_guzman_2013 drought asset unit,"Dry year named on p1, not in the quote",open
forest_restoration,naidoo_2019 stunting → food_security,Stunting recorded under food_security as a proxy,open
forest_restoration,robertson_wunder_2005 'environmental protection' → biodiversity_outcome,Proxy mapping — confirm,open
forest_restoration,hochard_2019 / del_valle_2020 night-light economic activity → wind_cyclone_hazard,No 'economic_activity' variable; recorded under the hazard variable,open
forest_restoration,das_2011 / marois_mitsch_2015 mangrove benefit per ha,Came out 'strong' because banded against COST bands — check band choice,open
forest_restoration,bradshaw_2007 plantation–flood association; snilstveit_2019 deforestation result recorded as forest retained,Direction/framing calls to confirm,open
forest_restoration,kandel_2022 / hajjar_2021 / das_2011,"Thesis chapter, author manuscript, working-paper versions — page locators differ from the published versions",open
wetland_management,ev_wet_flood_hazard_ramsar18_1,Otter Creek flood-damage reduction measures existing wetlands/floodplains (tagged existing_wetland comparator); the only strong effect — would dominate the flood cell,open
wetland_management,ev_wet_protected_area_status_qiu20_1,Legal protection raises restoration priority — neither a T4 mask nor a soft factor; maybe a T5 descriptor,open
wetland_management,ev_wet_built_up_areas_uuemaa18_1,Distance to roads/farmsteads treated as a physical built_up_areas constraint — could be read as distance_to_road (wrong-table),open
wetland_management,medland_2020 groundwater + slope units,Local quantile breaks; 11–86 m groundwater levels implausible as wetland water-table depths; slope % vs degrees,open
wetland_management,wet_feasible_locations_lidar_suitability_2018 family,"Uuemaa covers in-stream impoundment wetlands (close to the parked 'constructed' family), filed under 'creation' — confirm",open
agroforestry,chaudhury_2011 Quesungual slash-and-mulch units,Filed under regeneration_farmland by default — Quesungual is a slash-and-mulch agroforestry system; confirm family (regeneration vs planted/cross),open
agroforestry,agroforestry__drought__pastoral_rangeland__income_group-high / __production_gap__income_group-high,"Class rests on two units pointing opposite ways (temperate shelterbelt loss vs Costa Rican cattle gain) — different systems, not one contested effect",open
water_harvesting_conservation,water_harvesting_conservation__water_harvesting__cross_family__rural_poverty,"Class slight_negative with low agreement (negative NPVs for graded fanya juu / soil bunds, Adimassu) while most units read positive — check the economic units' direction coding",open
water_harvesting_conservation,water_harvesting_conservation__asset_threat__flood__income_group-lic_lmic,'Severely damaged' from WOCAT ratings split between 'not well' and 'well' — check the rating→sensitivity banding,open
water_harvesting_conservation,water_harvesting_conservation__water_harvesting__in_situ__water_stress,slight_negative on one new unit (Roose 2010: mechanised bunds cut downstream reservoir inflow) against benefit-leaning units — confirm direction/polarity,open
water_harvesting_conservation,heat_stress rows (all / cropping_rainfed / in_situ),Rest on one meta-regression statement (Steward 2018) + one review line (Malan 2024); neither separates heat from drought; envelope lists only USA for a LMIC maize meta-analysis — check context tags,open
water_harvesting_conservation,water_harvesting_conservation__production_gap,"238 units; the 'losses in humid climates / above 1,000 mm' sentence cites rusin11_3 + knapp18_3 carried over from older prose — re-check which unit says which",open
