priority,bucket,what_to_do,nbs,citation,doi,url,save_to_sharepoint,file_name,done,notes,blocker_note,source_id
1,A_free_click_and_save,"A free copy exists at the url but our downloader is blocked: open the url in a browser, save the PDF.",agroforestry,"Baker et al. (2025). Effect of silvopasture, paddock trees and linear agroforestry systems on agricultural productivity: A global quantitative analysis. Agricultural Systems.",10.1016/j.agsy.2024.104240,https://doi.org/10.1016/j.agsy.2024.104240,D591_Rural-Scan_NBS/2_Technical_&_Data/library/1_Agroforestry/baker_2025.pdf,baker_2025.pdf,,,OA web-search 2026-10-07 found no copy: Unpaywall=HYBRID OA (publisher) - ScienceDirect bot-blocks tooling -> human browser download of doi 10.1016/j.agsy.2024.,baker_2025
1,A_free_click_and_save,"A free copy exists at the url but our downloader is blocked: open the url in a browser, save the PDF.",agroforestry,Begum et al. (2025). Mapping evidence on agroforestry’s role in biodiversity and climate change mitigation and adaptation in low- and middle-income countries: A systematic map. .,10.1079/junoreports.2025.0004,https://doi.org/10.1079/junoreports.2025.0004,D591_Rural-Scan_NBS/2_Technical_&_Data/library/1_Agroforestry/begum_2025.pdf,begum_2025.pdf,,,"OA web-search 2026-10-07 found no copy: GOLD OA (CABI Juno Reports) per Unpaywall, but cabidigitallibrary.org 403s all tooling -> human browser download of doi ",begum_2025
1,A_free_click_and_save,"A free copy exists at the url but our downloader is blocked: open the url in a browser, save the PDF.",agroforestry,"Lowe et al. (2022). Homegardens as a modern carbon storage: Assessment of tree diversity and above-ground biomass of homegardens in Matale district, Sri Lanka. Urban Forestry &amp; Urban Greening.",10.1016/j.ufug.2022.127671,https://doi.org/10.1016/j.ufug.2022.127671,D591_Rural-Scan_NBS/2_Technical_&_Data/library/1_Agroforestry/homegarden_carbon_storage_2022.pdf,homegarden_carbon_storage_2022.pdf,,,OA web-search 2026-10-07 found no copy: Unpaywall=bronze (free-to-read on ScienceDirect) but sciencedirect bot-blocks tooling -> human browser click on doi.org/,homegarden_carbon_storage_2022
1,A_free_click_and_save,"A free copy exists at the url but our downloader is blocked: open the url in a browser, save the PDF.",agroforestry,Niether et al. (2020). Cocoa agroforestry systems versus monocultures: a multi-dimensional meta-analysis. Environmental Research Letters.,10.1088/1748-9326/abb053,https://iopscience.iop.org/article/10.1088/1748-9326/abb053/pdf,D591_Rural-Scan_NBS/2_Technical_&_Data/library/1_Agroforestry/niether_2020.pdf,niether_2020.pdf,,,OA copy found 2026-10-07 at IOP publisher OA (fetched via WebFetch; curl gets HTML) — acquire,niether_2020
1,A_free_click_and_save,"A free copy exists at the url but our downloader is blocked: open the url in a browser, save the PDF.",agroforestry,Snapp et al. (2010). Biodiversity can support a greener revolution in Africa. Proceedings of the National Academy of Sciences.,10.1073/pnas.1007199107,https://pmc.ncbi.nlm.nih.gov/articles/PMC2996441/pdf/pnas.201007199.pdf,D591_Rural-Scan_NBS/2_Technical_&_Data/library/1_Agroforestry/snapp_2010_econ.pdf,snapp_2010_econ.pdf,,,OA copy found 2026-10-07 at PubMed Central — acquire,snapp_2010_econ
1,A_free_click_and_save,"A free copy exists at the url but our downloader is blocked: open the url in a browser, save the PDF.",agroforestry,"Tonye et al. (1995). Agronomic and economic evaluation of methods of establishing alley cropping under a maize/groundnut intercrop system. Agriculture, Ecosystems &amp; Environment.",10.1016/0167-8809(95)00634-6,NA,D591_Rural-Scan_NBS/2_Technical_&_Data/library/1_Agroforestry/tonye_1995_econ.pdf,tonye_1995_econ.pdf,,,OA web-search 2026-10-07 found no copy: No OA copy found.,tonye_1995_econ
1,A_free_click_and_save,"A free copy exists at the url but our downloader is blocked: open the url in a browser, save the PDF.",forest_restoration,"BADOLA et al. (2005). Valuing ecosystem functions: an empirical study on the storm protection function of Bhitarkanika mangrove ecosystem, India. Environmental Conservation.",10.1017/s0376892905001967,http://portal.nceas.ucsb.edu/working_group/valuation-of-coastal-habitats/review-of-social-literature-as-of-1-26-07/BadolaHussain%202005.pdf/attachment_download/file,D591_Rural-Scan_NBS/2_Technical_&_Data/library/2_ForestRestoration/badola_hussain_2005_bhitarkanika_storm_protection.pdf,badola_hussain_2005_bhitarkanika_storm_protection.pdf,,,OA copy found 2026-10-07 at NCEAS (UCSB) working-group portal - valuation-of-coastal-habitats literature folder — acquire,badola_hussain_2005_bhitarkanika_storm_protection
1,A_free_click_and_save,"A free copy exists at the url but our downloader is blocked: open the url in a browser, save the PDF.",forest_restoration,Brancalion et al. (2019). What makes ecosystem restoration expensive? A systematic cost assessment of projects in Brazil. Biological Conservation.,10.1016/j.biocon.2019.108274,https://escholarship.org/content/qt5kn0z339/qt5kn0z339.pdf,D591_Rural-Scan_NBS/2_Technical_&_Data/library/2_ForestRestoration/brancalion_2019_restoration_costs_brazil.pdf,brancalion_2019_restoration_costs_brazil.pdf,,,"OA copy found 2026-10-07 at eScholarship (UC Santa Cruz, Previously Published Works) — acquire",brancalion_2019_restoration_costs_brazil
1,A_free_click_and_save,"A free copy exists at the url but our downloader is blocked: open the url in a browser, save the PDF.",forest_restoration,"Didy et al. (2026). Reboisement classique versus régénération assistée : efficacité comparée de deux méthodes de restauration des mangroves à Sainte-Marie, Madagascar. Afrique contemporaine.",10.3917/afco1.281.0163,https://shs.cairn.info/revue-afrique-contemporaine-2026-1-page-163,D591_Rural-Scan_NBS/2_Technical_&_Data/library/2_ForestRestoration/didy_2026_mangroves_sainte_marie_reboisement_vs_rna.pdf,didy_2026_mangroves_sainte_marie_reboisement_vs_rna.pdf,,,OA web-search 2026-10-07 found no copy: Cairn (Afrique contemporaine 2026/1 no.281) - paywalled/embargoed; no OA copy found.,didy_2026_mangroves_sainte_marie_reboisement_vs_rna
1,A_free_click_and_save,"A free copy exists at the url but our downloader is blocked: open the url in a browser, save the PDF.",forest_restoration,Hajjar et al. (2020). A global analysis of the social and environmental outcomes of community forests. Nature Sustainability.,10.1038/s41893-020-00633-y,https://scholar.colorado.edu/downloads/ff365650s,D591_Rural-Scan_NBS/2_Technical_&_Data/library/2_ForestRestoration/hajjar_2021_community_forests_global.pdf,hajjar_2021_community_forests_global.pdf,,,OA copy found 2026-10-07 at CU Boulder CU Scholar (author accepted manuscript) — acquire,hajjar_2021_community_forests_global
1,A_free_click_and_save,"A free copy exists at the url but our downloader is blocked: open the url in a browser, save the PDF.",water_harvesting_conservation,Arslan et al. (2015). Climate Smart Agriculture? Assessing the Adaptation Implications in Zambia. Journal of Agricultural Economics.,10.1111/1477-9552.12107,https://onlinelibrary.wiley.com/doi/pdfdirect/10.1111/1477-9552.12107,D591_Rural-Scan_NBS/2_Technical_&_Data/library/3_Water_Harvesting/arslan_2015_csa_zambia.pdf,arslan_2015_csa_zambia.pdf,,,free at publisher/repository but blocks tooling (403/bot wall) — human browser download: BRONZE free-to-read at Wiley (pdfdirect) but Wiley bot-blocks; also Aca,arslan_2015_csa_zambia
1,A_free_click_and_save,"A free copy exists at the url but our downloader is blocked: open the url in a browser, save the PDF.",water_harvesting_conservation,BRUELLE et al. (2014). SHORT- TO MID-TERM IMPACT OF CONSERVATION AGRICULTURE ON YIELD VARIABILITY OF UPLAND RICE: EVIDENCE FROM FARMER’S FIELDS IN MADAGASCAR. Experimental Agriculture.,10.1017/s0014479714000155,http://agritrop.cirad.fr/575595/1/document_575595.pdf,D591_Rural-Scan_NBS/2_Technical_&_Data/library/3_Water_Harvesting/bruelle_2014_ca_upland_rice_variability.pdf,bruelle_2014_ca_upland_rice_variability.pdf,,,free at publisher/repository but blocks tooling (403/bot wall) — human browser download: Agritrop PDF http://agritrop.cirad.fr/575595/1/document_575595.pdf retu,bruelle_2014_ca_upland_rice_variability
1,A_free_click_and_save,"A free copy exists at the url but our downloader is blocked: open the url in a browser, save the PDF.",water_harvesting_conservation,"Sime et al. (2015). Agronomic and economic response of tillage and water conservation management in maize, central rift valley in Ethiopia. Soil and Tillage Research.",10.1016/j.still.2014.12.001,https://core.ac.uk/download/82197736.pdf,D591_Rural-Scan_NBS/2_Technical_&_Data/library/3_Water_Harvesting/era_an0083_sime_2015.pdf,era_an0083_sime_2015.pdf,,,free at publisher/repository but blocks tooling (403/bot wall) — human browser download: GOLD/HYBRID OA at publisher but publisher bot-blocks tooling (403) — hu,era_an0083_sime_2015
1,A_free_click_and_save,"A free copy exists at the url but our downloader is blocked: open the url in a browser, save the PDF.",water_harvesting_conservation,Fan et al. (2023). The effectiveness of mulching practices on water erosion control: A global meta-analysis. Geoderma.,10.1016/j.geoderma.2023.116643,https://www.sciencedirect.com/science/article/pii/S0016706123003208,D591_Rural-Scan_NBS/2_Technical_&_Data/library/3_Water_Harvesting/fan_2023.pdf,fan_2023.pdf,,,free at publisher/repository but blocks tooling (403/bot wall) — human browser download: GOLD/HYBRID OA at publisher but publisher bot-blocks tooling (403) — hu,fan_2023
1,A_free_click_and_save,"A free copy exists at the url but our downloader is blocked: open the url in a browser, save the PDF.",water_harvesting_conservation,Gonzalez-Sanchez et al. (2019). Meta-analysis on carbon sequestration through Conservation Agriculture in Africa. Soil and Tillage Research.,10.1016/j.still.2019.02.020,https://helvia.uco.es/xmlui/bitstream/handle/10396/27169/meta_analysis_on_carbon_sequestration_through_conservation_agriculture_in_africa.pdf?sequence=3&isAllowed=y,D591_Rural-Scan_NBS/2_Technical_&_Data/library/3_Water_Harvesting/gonzalezsanchez_2019.pdf,gonzalezsanchez_2019.pdf,,,OA copy found 2026-10-07 at Helvia (Universidad de Córdoba) — acquire,gonzalezsanchez_2019
1,A_free_click_and_save,"A free copy exists at the url but our downloader is blocked: open the url in a browser, save the PDF.",water_harvesting_conservation,Mak-Mensah et al. (2021). Influence of tied-ridge-furrow with inorganic fertilizer on grain yield across semiarid regions of Asia and Africa: A meta-analysis. PeerJ.,10.7717/peerj.11904,https://pmc.ncbi.nlm.nih.gov/articles/PMC8378338/pdf/peerj-09-11904.pdf,D591_Rural-Scan_NBS/2_Technical_&_Data/library/3_Water_Harvesting/makmensah_2021.pdf,makmensah_2021.pdf,,,OA copy found 2026-10-07 at PubMed Central — acquire,makmensah_2021
1,A_free_click_and_save,"A free copy exists at the url but our downloader is blocked: open the url in a browser, save the PDF.",water_harvesting_conservation,"Mashavakure et al. (2025). Soil, Crop Yield, and Economic Benefits of Conservation Agriculture-Based Cropping Systems: Triple Wins during an El Niño-Induced Drought Year in Zimbabwe. PLANTROPICA Journal of Agricultural S",10.21776/ub.jpt.2025.010.2.8,https://jpt.ub.ac.id/index.php/jpt/article/download/10713/351,D591_Rural-Scan_NBS/2_Technical_&_Data/library/3_Water_Harvesting/mashavakure_2025_ca_el_nino_zimbabwe.pdf,mashavakure_2025_ca_el_nino_zimbabwe.pdf,,,"free at publisher/repository but blocks tooling (403/bot wall) — human browser download: DIAMOND OA journal (PLANTROPICA, jpt.ub.ac.id) — PDF download URL bot-b",mashavakure_2025_ca_el_nino_zimbabwe
1,A_free_click_and_save,"A free copy exists at the url but our downloader is blocked: open the url in a browser, save the PDF.",water_harvesting_conservation,Michler et al. (2019). Conservation agriculture and climate resilience. Journal of Environmental Economics and Management.,10.1016/j.jeem.2018.11.008,https://pmc.ncbi.nlm.nih.gov/articles/PMC6358000/pdf/main.pdf,D591_Rural-Scan_NBS/2_Technical_&_Data/library/3_Water_Harvesting/michler_2019_ca_climate_resilience.pdf,michler_2019_ca_climate_resilience.pdf,,,OA copy found 2026-10-07 at PubMed Central — acquire,michler_2019_ca_climate_resilience
1,A_free_click_and_save,"A free copy exists at the url but our downloader is blocked: open the url in a browser, save the PDF.",water_harvesting_conservation,"Miranda, R.A. de (resp.) (2019). Relatório de avaliação dos impactos de tecnologias geradas pela Embrapa: Mini-barragens de contenção de águas superficiais de chuvas - Barraginhas (ano de avaliação 2018). Sete Lagoas: Em",,https://bs.sede.embrapa.br/2018/relatorios/milhoesorgo_2018_minibarragens.pdf,D591_Rural-Scan_NBS/2_Technical_&_Data/library/3_Water_Harvesting/miranda_2019_embrapa_barraginhas_pt.pdf,miranda_2019_embrapa_barraginhas_pt.pdf,,,OA copy found 2026-10-07 at Embrapa (Balanço Social) — acquire,miranda_2019_embrapa_barraginhas_pt
1,A_free_click_and_save,"A free copy exists at the url but our downloader is blocked: open the url in a browser, save the PDF.",water_harvesting_conservation,Moges et al. (2011). Review and quantitative assessment of ex situ household rainwater harvesting systems in Ethiopia. Agricultural Water Management.,10.1016/j.agwat.2011.03.009,https://research.wur.nl/en/publications/review-and-quantitative-assessment-of-ex-situ-household-rainwater,D591_Rural-Scan_NBS/2_Technical_&_Data/library/3_Water_Harvesting/moges_2011.pdf,moges_2011.pdf,,,free at publisher/repository but blocks tooling (403/bot wall) — human browser download: WUR Pure page says open access but exposes no file link; no other copy ,moges_2011
1,A_free_click_and_save,"A free copy exists at the url but our downloader is blocked: open the url in a browser, save the PDF.",water_harvesting_conservation,"Assessing crop yield benefits from in situ rainwater harvesting through contour ridges in semi-arid Zimbabwe. Physics and Chemistry of the Earth, 2013.",,https://www.sciencedirect.com/science/article/abs/pii/S1474706513001253,D591_Rural-Scan_NBS/2_Technical_&_Data/library/3_Water_Harvesting/nyamadzawo_contour_ridges_zimbabwe_2013.pdf,nyamadzawo_contour_ridges_zimbabwe_2013.pdf,,,"OA web-search 2026-10-07 found no copy: CITATION/ID MISMATCH: paper is Mhizha & Ndiritu (2013) PCE 66:123-130, not Nyamadzawo. No OA copy found (ScienceDirect a",nyamadzawo_contour_ridges_zimbabwe_2013
1,A_free_click_and_save,"A free copy exists at the url but our downloader is blocked: open the url in a browser, save the PDF.",water_harvesting_conservation,Ruzzante et al. (2021). Adoption of agricultural technology in the developing world: A meta-analysis of the empirical literature. World Development.,10.1016/j.worlddev.2021.105599,https://www.sciencedirect.com/science/article/pii/S0305750X2100214X,D591_Rural-Scan_NBS/2_Technical_&_Data/library/3_Water_Harvesting/ruzzante_2021.pdf,ruzzante_2021.pdf,,,free at publisher/repository but blocks tooling (403/bot wall) — human browser download: GOLD/HYBRID OA at publisher but publisher bot-blocks tooling (403) — hu,ruzzante_2021
1,A_free_click_and_save,"A free copy exists at the url but our downloader is blocked: open the url in a browser, save the PDF.",water_harvesting_conservation,Sawadogo (2011). Using soil and water conservation techniques to rehabilitate degraded lands in northwestern Burkina Faso. International Journal of Agricultural Sustainability.,10.3763/ijas.2010.0552,https://www.tandfonline.com/doi/pdf/10.3763/ijas.2010.0552,D591_Rural-Scan_NBS/2_Technical_&_Data/library/3_Water_Harvesting/sawadogo_2011_swc_burkina.pdf,sawadogo_2011_swc_burkina.pdf,,,free at publisher/repository but blocks tooling (403/bot wall) — human browser download: BRONZE free at T&F (bot-blocked 403); VTechWorks 10919/70022 metadata-o,sawadogo_2011_swc_burkina
1,A_free_click_and_save,"A free copy exists at the url but our downloader is blocked: open the url in a browser, save the PDF.",water_harvesting_conservation,Tadesse et al. (2023). Impact of adoption of climate smart agricultural practices to minimize production risk in Ethiopia: A systematic review. Journal of Agriculture and Food Research.,10.1016/j.jafr.2023.100655,https://www.sciencedirect.com/science/article/pii/S266615432300162X,D591_Rural-Scan_NBS/2_Technical_&_Data/library/3_Water_Harvesting/tadesse_2023_csa_production_risk_review.pdf,tadesse_2023_csa_production_risk_review.pdf,,,free at publisher/repository but blocks tooling (403/bot wall) — human browser download: GOLD/HYBRID OA at publisher but publisher bot-blocks tooling (403) — hu,tadesse_2023_csa_production_risk_review
1,A_free_click_and_save,"A free copy exists at the url but our downloader is blocked: open the url in a browser, save the PDF.",water_harvesting_conservation,Uwizeyimana et al. (2018). Effect of water conservation measures on soil moisture and maize yield under drought prone agro-ecological zones in Rwanda. International Soil and Water Conservation Research.,10.1016/j.iswcr.2018.03.002,https://www.sciencedirect.com/science/article/pii/S209563391730299X/pdf,D591_Rural-Scan_NBS/2_Technical_&_Data/library/3_Water_Harvesting/uwizeyimana_2018_water_conservation_rwanda.pdf,uwizeyimana_2018_water_conservation_rwanda.pdf,,,free at publisher/repository but blocks tooling (403/bot wall) — human browser download: GOLD/HYBRID OA at publisher but publisher bot-blocks tooling (403) — hu,uwizeyimana_2018_water_conservation_rwanda
1,A_free_click_and_save,"A free copy exists at the url but our downloader is blocked: open the url in a browser, save the PDF.",water_harvesting_conservation,Zhang et al. (2026). Spatiotemporal effects of soil and water conservation measures on soil organic carbon enhancement in China: a meta-analysis. Journal of Hydrology.,10.1016/j.jhydrol.2025.134373,https://papers.ssrn.com/sol3/papers.cfm?abstract_id=5158446,D591_Rural-Scan_NBS/2_Technical_&_Data/library/3_Water_Harvesting/zhang_2026.pdf,zhang_2026.pdf,,,free at publisher/repository but blocks tooling (403/bot wall) — human browser download: Only an SSRN PREPRINT exists (different title: '...on Soil Organic Carb,zhang_2026
1,A_free_click_and_save,"A free copy exists at the url but our downloader is blocked: open the url in a browser, save the PDF.",water_harvesting_conservation,Zouré et al. (2025). On the Performance of Traditional Agroecological Practices in Mitigating the Effects of Climate Variability on Ecosystems: A Case Study in Northern Burkina Faso. Applied and Environmental Soil Scienc,10.1155/aess/8855588,https://onlinelibrary.wiley.com/doi/pdf/10.1155/aess/8855588,D591_Rural-Scan_NBS/2_Technical_&_Data/library/3_Water_Harvesting/zoure_2025_traditional_practices_burkina.pdf,zoure_2025_traditional_practices_burkina.pdf,,,free at publisher/repository but blocks tooling (403/bot wall) — human browser download: GOLD OA CC-BY (Wiley/Hindawi AESS) but Wiley bot-blocks (403) — human 1,zoure_2025_traditional_practices_burkina
2,C_institutional_access,Automatic + web search found no free copy: download through institutional (university / CGIAR) journal access.,agroforestry,Biswas et al. (2022). Agroforestry offers multiple ecosystem services in degraded lateritic soils. Journal of Cleaner Production.,10.1016/j.jclepro.2022.132768,,D591_Rural-Scan_NBS/2_Technical_&_Data/library/1_Agroforestry/adhikary_2022_econ.pdf,adhikary_2022_econ.pdf,,,"OA web-search 2026-10-07 found no copy: Unpaywall/OpenAlex closed; no repo copy found. CITATION NOTE: authors are Biswas, Chakraborty, Timsina, Bhowmick (source",adhikary_2022_econ
2,C_institutional_access,Automatic + web search found no free copy: download through institutional (university / CGIAR) journal access.,agroforestry,Goncherenko et al. (2024). Silvopastoral systems as a strategy to attenuate the negative effects of heat stress on productivity of beef cows grazing natural grassland. Agroforestry Systems.,10.1007/s10457-024-01081-9,https://doi.org/10.1007/s10457-024-01081-9,D591_Rural-Scan_NBS/2_Technical_&_Data/library/1_Agroforestry/beefcattle2024_heatstress.pdf,beefcattle2024_heatstress.pdf,,,OA web-search 2026-10-07 found no copy: Unpaywall closed; no repository/preprint copy of THIS paper found (Research Square rs-5421232 is a different Goncherenko,beefcattle2024_heatstress
2,C_institutional_access,Automatic + web search found no free copy: download through institutional (university / CGIAR) journal access.,agroforestry,Botoni et al. (2010). La régénération naturelle assistée (RNA) : une opportunité pour reverdir le Sahel et réduire la vulnérabilité des populations rurales. Le projet majeur africain de la Grande Muraille Verte.,10.4000/books.irdeditions.2122,https://books.openedition.org/irdeditions/2122,D591_Rural-Scan_NBS/2_Technical_&_Data/library/1_Agroforestry/botoni_2010_fr.pdf,botoni_2010_fr.pdf,,,"OA web-search 2026-10-07 found no copy: Full text FREELY READABLE as HTML on OpenEdition Books (books.openedition.org/irdeditions/2122, freemium) - PDF/ePub res",botoni_2010_fr
2,C_institutional_access,Automatic + web search found no free copy: download through institutional (university / CGIAR) journal access.,agroforestry,"Current, D.; Lutz, E.; Scherr, S.J. ([year to confirm]). Adopción agrícola y beneficios económicos de la agroforestería: experiencias en América Central y el Caribe. [Spanish edition; publisher/year to confirm from CATIE",,http://repositorio.bibliotecaorton.catie.ac.cr/handle/11554/129,D591_Rural-Scan_NBS/2_Technical_&_Data/library/1_Agroforestry/current_1995_es.pdf,current_1995_es.pdf,,,OA web-search 2026-10-07 found no copy: CATIE repository record exists (repositorio.catie.ac.cr/handle/11554/129; year 1995; CATIE/World Bank/IFPRI) but the PDF,current_1995_es
2,C_institutional_access,Automatic + web search found no free copy: download through institutional (university / CGIAR) journal access.,agroforestry,Wang et al. (2023). Juvenile plumcot tree can improve fruit quality and economic benefits by intercropping with alfalfa in semi-arid areas. Agricultural Systems.,10.1016/j.agsy.2022.103590,,D591_Rural-Scan_NBS/2_Technical_&_Data/library/1_Agroforestry/li_2022_econ.pdf,li_2022_econ.pdf,,,OA web-search 2026-10-07 found no copy: Closed; no repo copy found. CITATION NOTE: Wang X. et al. (2023) Agric Syst 205:103590 (source_id says li_2022).,li_2022_econ
2,C_institutional_access,Automatic + web search found no free copy: download through institutional (university / CGIAR) journal access.,agroforestry,"Onduru et al. (2008). Exploring options for integrated nutrient management in semi-arid tropics using farmer field schools: a case study in Mbeere District, eastern Kenya. International Journal of Agricultural Sustainabi",10.3763/ijas.2008.0267,NA,D591_Rural-Scan_NBS/2_Technical_&_Data/library/1_Agroforestry/onduru_2008_econ.pdf,onduru_2008_econ.pdf,,,OA web-search 2026-10-07 found no copy: OpenAlex marks green via research.wur.nl but WUR portal shows no file. No copy found.,onduru_2008_econ
2,C_institutional_access,Automatic + web search found no free copy: download through institutional (university / CGIAR) journal access.,agroforestry,"Solorio et al. (2016). Silvopastoral Systems: Best Agroecological Practice for Resilient Production Systems Under Dryland and Drought Conditions. Quantification of Climate Variability, Adaptation and Mitigation for Agric",10.1007/978-3-319-32059-5_11,https://pureportal.coventry.ac.uk/en/publications/94296d02-1a0c-498d-b6ed-f0b0d8848c0c,D591_Rural-Scan_NBS/2_Technical_&_Data/library/1_Agroforestry/solorio_2016_silvopastoral_drought_chapter.pdf,solorio_2016_silvopastoral_drought_chapter.pdf,,,"OA web-search 2026-10-07 found no copy: Coventry Pure states ""not available on the repository""; an old CURVE open-item URL surfaced in search but host curve.cov",solorio_2016_silvopastoral_drought_chapter
2,C_institutional_access,Automatic + web search found no free copy: download through institutional (university / CGIAR) journal access.,forest_restoration,"Meta-analysis of carbon stocks and biodiversity outcomes across Brazilian restored biomes, Science of the Total Environment (2023), S0048969723061855",,https://papers.ssrn.com/sol3/papers.cfm?abstract_id=4510899,D591_Rural-Scan_NBS/2_Technical_&_Data/library/2_ForestRestoration/brazil_biomes_carbon_biodiv_meta_2023.pdf,brazil_biomes_carbon_biodiv_meta_2023.pdf,,,"OA web-search 2026-10-07 found no copy: Published version (Jakovac et al., Sci Total Environ 906:167558, 2024, PII S0048969723061855) is closed. SSRN preprint (",brazil_biomes_carbon_biodiv_meta_2023
2,C_institutional_access,Automatic + web search found no free copy: download through institutional (university / CGIAR) journal access.,forest_restoration,Fonseca et al. (2024). Complementing seedling planting with nucleation techniques increases forest restoration potential in areas around bauxite mining. Land Degradation &amp; Development.,10.1002/ldr.5118,https://doi.org/10.1002/ldr.5118,D591_Rural-Scan_NBS/2_Technical_&_Data/library/2_ForestRestoration/fr_nucleation_seedling_planting_2024.pdf,fr_nucleation_seedling_planting_2024.pdf,,,OA web-search 2026-10-07 found no copy: Closed (Wiley LDD). No repository or author copy found; RG not checked by tool - human may try author request.,fr_nucleation_seedling_planting_2024
2,C_institutional_access,Automatic + web search found no free copy: download through institutional (university / CGIAR) journal access.,forest_restoration,Gardiner (2021). Wind damage to forests and trees: a review with an emphasis on planted and managed forests. Journal of Forest Research.,10.1080/13416979.2021.1940665,https://doi.org/10.1080/13416979.2021.1940665,D591_Rural-Scan_NBS/2_Technical_&_Data/library/2_ForestRestoration/gardiner_2021_wind_damage_planted_forests.pdf,gardiner_2021_wind_damage_planted_forests.pdf,,,OA web-search 2026-10-07 found no copy: Hybrid OA per Unpaywall (T&F J Forest Research publisher version free) but tandfonline is CF-blocked to tools and no arc,gardiner_2021_wind_damage_planted_forests
2,C_institutional_access,Automatic + web search found no free copy: download through institutional (university / CGIAR) journal access.,forest_restoration,Herath et al. (2025). A Systematic Review of Forest Cover for Catchment‐Scale Flood Mitigation: A Nature‐Based Solution. Journal of Flood Risk Management.,10.1111/jfr3.70125,https://doi.org/10.1111/jfr3.70125,D591_Rural-Scan_NBS/2_Technical_&_Data/library/2_ForestRestoration/herath_2025_forest_cover_flood_sr.pdf,herath_2025_forest_cover_flood_sr.pdf,,,"OA web-search 2026-10-07 found no copy: Gold OA (publisher version free, CC licence) but publisher host is bot-blocked (Cloudflare/Akamai) to curl+WebFetch and ",herath_2025_forest_cover_flood_sr
2,C_institutional_access,Automatic + web search found no free copy: download through institutional (university / CGIAR) journal access.,forest_restoration,"Kimwanga et al. (2026). Who benefits from forest co-management? Heterogeneous welfare effects under rainfall shocks in Malawi. Trees, Forests and People.",10.1016/j.tfp.2026.101185,https://doi.org/10.1016/j.tfp.2026.101185,D591_Rural-Scan_NBS/2_Technical_&_Data/library/2_ForestRestoration/kimwanga_2026_forest_comanagement_rainfall_shocks.pdf,kimwanga_2026_forest_comanagement_rainfall_shocks.pdf,,,"OA web-search 2026-10-07 found no copy: Gold OA (publisher version free, CC licence) but publisher host is bot-blocked (Cloudflare/Akamai) to curl+WebFetch and ",kimwanga_2026_forest_comanagement_rainfall_shocks
2,C_institutional_access,Automatic + web search found no free copy: download through institutional (university / CGIAR) journal access.,forest_restoration,Mahmud et al. (2016). Are private defensive expenditures against storm damages affected by public programs and natural barriers? Evidence from the coastal areas of Bangladesh. Environment and Development Economics.,10.1017/s1355770x16000164,https://hdl.handle.net/20.500.12733/1580284,D591_Rural-Scan_NBS/2_Technical_&_Data/library/2_ForestRestoration/mahmud_barbier_2016_defensive_expenditure_bangladesh.pdf,mahmud_barbier_2016_defensive_expenditure_bangladesh.pdf,,,"OA web-search 2026-10-07 found no copy: Closed (CUP EDE). Unpaywall/OpenAlex ""publishedVersion"" pointer is a Unicamp repository record (hdl 20.500.12733/1580284",mahmud_barbier_2016_defensive_expenditure_bangladesh
2,C_institutional_access,Automatic + web search found no free copy: download through institutional (university / CGIAR) journal access.,forest_restoration,Chazdon et al. (2025). Drivers and benefits of natural regeneration in tropical forests. Nature Reviews Biodiversity.,10.1038/s44358-025-00043-y,https://research.wur.nl/en/publications/drivers-and-benefits-of-natural-regeneration-in-tropical-forests/,D591_Rural-Scan_NBS/2_Technical_&_Data/library/2_ForestRestoration/nat_rev_biodiv_nr_drivers.pdf,nat_rev_biodiv_nr_drivers.pdf,,,OA web-search 2026-10-07 found no copy: Unpaywall lists WUR research portal submitted version but the WUR record has no downloadable file (likely embargoed). Sc,nat_rev_biodiv_nr_drivers
2,C_institutional_access,Automatic + web search found no free copy: download through institutional (university / CGIAR) journal access.,forest_restoration,Diasso et al. (2017). Future impacts of global warming and reforestation on drought patterns over West Africa. Theoretical and Applied Climatology.,10.1007/s00704-017-2209-3,https://doi.org/10.1007/s00704-017-2209-3,D591_Rural-Scan_NBS/2_Technical_&_Data/library/2_ForestRestoration/reforestation_drought_west_africa_2017.pdf,reforestation_drought_west_africa_2017.pdf,,,OA web-search 2026-10-07 found no copy: Closed (Springer TAC). UCT ERA research-portal record exists but no file. Not found.,reforestation_drought_west_africa_2017
2,C_institutional_access,Automatic + web search found no free copy: download through institutional (university / CGIAR) journal access.,forest_restoration,Bock et al. (1978). A Comparison of Planting and Natural Succession After a Forest Fire in the Northern Sierra Nevada. The Journal of Applied Ecology.,10.2307/2402613,https://doi.org/10.2307/2402613,D591_Rural-Scan_NBS/2_Technical_&_Data/library/2_ForestRestoration/sierra_planting_vs_natural_1978.pdf,sierra_planting_vs_natural_1978.pdf,,,"OA web-search 2026-10-07 found no copy: Closed (JSTOR, J Appl Ecol 15(2):597-602, Bock, Raphael & Bock 1978). No free copy found (FRAMES/Conservation Evidence a",sierra_planting_vs_natural_1978
2,C_institutional_access,Automatic + web search found no free copy: download through institutional (university / CGIAR) journal access.,forest_restoration,Yang et al. (2023). Effect of vegetation restoration on soil erosion control and soil carbon and nitrogen dynamics: A meta-analysis. Soil and Tillage Research.,10.1016/j.still.2023.105705,https://www.sciencedirect.com/science/article/abs/pii/S0167198723000727,D591_Rural-Scan_NBS/2_Technical_&_Data/library/2_ForestRestoration/yang_2023_vegrestoration_erosion_meta.pdf,yang_2023_vegrestoration_erosion_meta.pdf,,,OA web-search 2026-10-07 found no copy: Closed (Elsevier Soil Till Res). No repository copy found (web-search budget exhausted before a second pass).,yang_2023_vegrestoration_erosion_meta
2,C_institutional_access,Automatic + web search found no free copy: download through institutional (university / CGIAR) journal access.,riparian_buffer,Qiu (2009). Assessing Critical Source Areas in Watersheds for Conservation Buffer Planning and Riparian Restoration. Environmental Management.,10.1007/s00267-009-9380-y,https://doi.org/10.1007/s00267-009-9380-y,D591_Rural-Scan_NBS/2_Technical_&_Data/library/4_Riparian_Buffers/critical_source_areas_buffer_planning_2009.pdf,critical_source_areas_buffer_planning_2009.pdf,,,OA web-search 2026-10-07 found no copy: Unpaywall closed; no repository/author copy found. Institutional.,critical_source_areas_buffer_planning_2009
2,C_institutional_access,Automatic + web search found no free copy: download through institutional (university / CGIAR) journal access.,water_harvesting_conservation,"Botoni, E.; Reij, C. (2009). La transformation silencieuse de l'environnement et des systèmes de production au Sahel : impacts des investissements publics et privés dans la gestion des ressources naturelles. Ouagadougou ",,,D591_Rural-Scan_NBS/2_Technical_&_Data/library/3_Water_Harvesting/botoni_reij_2009_cilss_fr.pdf,botoni_reij_2009_cilss_fr.pdf,,,"OA web-search 2026-10-07 found no copy: CILSS/VU report; widely cited but no hosted PDF found (web search, Zenodo).",botoni_reij_2009_cilss_fr
2,C_institutional_access,Automatic + web search found no free copy: download through institutional (university / CGIAR) journal access.,water_harvesting_conservation,Bouma et al. (2016). Assessing the returns to water harvesting: A meta-analysis. Agricultural Water Management.,10.1016/j.agwat.2015.08.012,https://doi.org/10.1016/j.agwat.2015.08.012,D591_Rural-Scan_NBS/2_Technical_&_Data/library/3_Water_Harvesting/bouma_2016.pdf,bouma_2016.pdf,,,OA web-search 2026-10-07 found no copy: VU Research Portal record has no file; no other copy found.,bouma_2016
2,C_institutional_access,Automatic + web search found no free copy: download through institutional (university / CGIAR) journal access.,water_harvesting_conservation,Shi et al. (2019). Land-use changes and check dams reducing runoff and sediment yield on the Loess Plateau of China. Science of The Total Environment.,10.1016/j.scitotenv.2019.01.430,https://doi.org/10.1016/j.scitotenv.2019.01.430,D591_Rural-Scan_NBS/2_Technical_&_Data/library/3_Water_Harvesting/checkdams_runoff_sediment_loess_2019.pdf,checkdams_runoff_sediment_loess_2019.pdf,,,OA web-search 2026-10-07 found no copy: OpenAlex closed; Zenodo/CORE none; web search only ScienceDirect + RG hits for related papers.,checkdams_runoff_sediment_loess_2019
2,C_institutional_access,Automatic + web search found no free copy: download through institutional (university / CGIAR) journal access.,water_harvesting_conservation,Wang et al. (2016). Exploring micro-field water-harvesting farming system in dryland wheat (Triticum aestivum L.): An innovative management for semiarid Kenya. Field Crops Research.,10.1016/j.fcr.2016.07.001,https://doi.org/10.1016/j.fcr.2016.07.001,D591_Rural-Scan_NBS/2_Technical_&_Data/library/3_Water_Harvesting/era_an0121_wang_2016.pdf,era_an0121_wang_2016.pdf,,,OA web-search 2026-10-07 found no copy: Lanzhou/IBCAS IRs unreachable; no other copy found.,era_an0121_wang_2016
2,C_institutional_access,Automatic + web search found no free copy: download through institutional (university / CGIAR) journal access.,water_harvesting_conservation,"Dalton et al. (2014). Perceptions and performance of conservation agriculture practices in northwestern Ghana. Agriculture, Ecosystems &amp; Environment.",10.1016/j.agee.2013.11.015,https://doi.org/10.1016/j.agee.2013.11.015,D591_Rural-Scan_NBS/2_Technical_&_Data/library/3_Water_Harvesting/era_dk0008_dalton_2014.pdf,era_dk0008_dalton_2014.pdf,,,OA web-search 2026-10-07 found no copy: VTechWorks item 10919/70235 is metadata-only (no bitstreams); no other copy.,era_dk0008_dalton_2014
2,C_institutional_access,Automatic + web search found no free copy: download through institutional (university / CGIAR) journal access.,water_harvesting_conservation,Fox et al. (2003). Supplemental irrigation for dry-spell mitigation of rainfed agriculture in the Sahel. Agricultural Water Management.,10.1016/s0378-3774(03)00008-8,https://doi.org/10.1016/s0378-3774(03)00008-8,D591_Rural-Scan_NBS/2_Technical_&_Data/library/3_Water_Harvesting/fox_rockstrom_2003_si_dry_spell_sahel.pdf,fox_rockstrom_2003_si_dry_spell_sahel.pdf,,,OA web-search 2026-10-07 found no copy: No hosted copy found (FARM-D listing only); likely only in Fox PhD thesis kappa / RG.,fox_rockstrom_2003_si_dry_spell_sahel
2,C_institutional_access,Automatic + web search found no free copy: download through institutional (university / CGIAR) journal access.,water_harvesting_conservation,"Gebremeskel et al. (2018). Economic and environmental rehabilitation through soil and water conservation, the case of Tigray in northern Ethiopia. Journal of Arid Environments.",10.1016/j.jaridenv.2017.12.002,https://doi.org/10.1016/j.jaridenv.2017.12.002,D591_Rural-Scan_NBS/2_Technical_&_Data/library/3_Water_Harvesting/gebremeskel_2018.pdf,gebremeskel_2018.pdf,,,OA web-search 2026-10-07 found no copy: Re-checked Zenodo/CORE/web: no copy (consistent with earlier verified-paywalled).,gebremeskel_2018
2,C_institutional_access,Automatic + web search found no free copy: download through institutional (university / CGIAR) journal access.,water_harvesting_conservation,"Monji et al. (2016). Impact of spate irrigation of flood waters on agricultural drought and groundwater recharge: case of Sidi Bouzid plain, Central Tunisia. Arabian Journal of Geosciences.",10.1007/s12517-016-2686-1,https://doi.org/10.1007/s12517-016-2686-1,D591_Rural-Scan_NBS/2_Technical_&_Data/library/3_Water_Harvesting/monji_2016_spate_irrigation_drought_tunisia.pdf,monji_2016_spate_irrigation_drought_tunisia.pdf,,,OA web-search 2026-10-07 found no copy: Springer closed; no copy found.,monji_2016_spate_irrigation_drought_tunisia
2,C_institutional_access,Automatic + web search found no free copy: download through institutional (university / CGIAR) journal access.,water_harvesting_conservation,"Arunakumaren et al. (2023). Assessment of recharge dam performance in arid regions based on satellite data, case study: Jalajil and Rawdah Dams. International Journal of Hydrology Science and Technology.",10.1504/ijhst.2023.10059786,https://doi.org/10.1504/ijhst.2023.10059786,D591_Rural-Scan_NBS/2_Technical_&_Data/library/3_Water_Harvesting/recharge_dam_performance_arid_satellite_2023.pdf,recharge_dam_performance_arid_satellite_2023.pdf,,,OA web-search 2026-10-07 found no copy: OpenAlex closed (Inderscience); Zenodo/CORE none; web search no copy found.,recharge_dam_performance_arid_satellite_2023
2,C_institutional_access,Automatic + web search found no free copy: download through institutional (university / CGIAR) journal access.,water_harvesting_conservation,Stavi et al. (2020). Water runoff harvesting systems for restoration of degraded rangelands: A review of challenges and opportunities. Journal of Environmental Management.,10.1016/j.jenvman.2019.109823,https://doi.org/10.1016/j.jenvman.2019.109823,D591_Rural-Scan_NBS/2_Technical_&_Data/library/3_Water_Harvesting/stavi_2020.pdf,stavi_2020.pdf,,,OA web-search 2026-10-07 found no copy: Closed; PubMed abstract only; no copy found.,stavi_2020
2,C_institutional_access,Automatic + web search found no free copy: download through institutional (university / CGIAR) journal access.,water_harvesting_conservation,Meerkerk et al. (2009). Application of connectivity theory to model the impact of terrace failure on runoff in semi‐arid catchments. Hydrological Processes.,10.1002/hyp.7376,https://doi.org/10.1002/hyp.7376,D591_Rural-Scan_NBS/2_Technical_&_Data/library/3_Water_Harvesting/terrace_failure_connectivity_runoff_semiarid_2009.pdf,terrace_failure_connectivity_runoff_semiarid_2009.pdf,,,OA web-search 2026-10-07 found no copy: DIAL/UCLouvain record has no full text (only an unrelated CC flyer PDF on the server); Wiley closed; no other copy found,terrace_failure_connectivity_runoff_semiarid_2009
2,C_institutional_access,Automatic + web search found no free copy: download through institutional (university / CGIAR) journal access.,water_harvesting_conservation,Thierfelder et al. (2026). Bundling conservation agriculture with drought-tolerant crops improves system productivity and stability in Zimbabwean smallholder systems. Field Crops Research.,10.1016/j.fcr.2026.110487,https://doi.org/10.1016/j.fcr.2026.110487,D591_Rural-Scan_NBS/2_Technical_&_Data/library/3_Water_Harvesting/thierfelder_2026_ca_dt_bundling_zimbabwe.pdf,thierfelder_2026_ca_dt_bundling_zimbabwe.pdf,,,OA web-search 2026-10-07 found no copy: CGSpace 10568/182756 has only license.txt (likely embargoed); no other copy.,thierfelder_2026_ca_dt_bundling_zimbabwe
2,C_institutional_access,Automatic + web search found no free copy: download through institutional (university / CGIAR) journal access.,water_harvesting_conservation,Thierfelder et al. (2010). Investigating Conservation Agriculture (CA) Systems in Zambia and Zimbabwe to Mitigate Future Effects of Climate Change. Journal of Crop Improvement.,10.1080/15427520903558484,https://doi.org/10.1080/15427520903558484,D591_Rural-Scan_NBS/2_Technical_&_Data/library/3_Water_Harvesting/thierfelder_wall_2010_ca_zambia_zimbabwe.pdf,thierfelder_wall_2010_ca_zambia_zimbabwe.pdf,,,"OA web-search 2026-10-07 found no copy: No hosted copy found (CIMMYT repo search, web).",thierfelder_wall_2010_ca_zambia_zimbabwe
2,C_institutional_access,Automatic + web search found no free copy: download through institutional (university / CGIAR) journal access.,water_harvesting_conservation,Waqas et al. (2025). Drought mitigation and livelihood improvement options through rainwater harvesting structures in a rainfed agricultural system. Agricultural Systems.,10.1016/j.agsy.2025.104469,https://doi.org/10.1016/j.agsy.2025.104469,D591_Rural-Scan_NBS/2_Technical_&_Data/library/3_Water_Harvesting/waqas_2025_rwh_drought_mitigation.pdf,waqas_2025_rwh_drought_mitigation.pdf,,,OA web-search 2026-10-07 found no copy: Closed (2025); no copy found.,waqas_2025_rwh_drought_mitigation
2,C_institutional_access,Automatic + web search found no free copy: download through institutional (university / CGIAR) journal access.,water_harvesting_conservation,Oweis T. et al. / de Winnaar (2014). The potential of in situ rainwater harvesting in arid regions: developing a methodology to identify suitable areas.,,https://openalex.org/W2000960672,D591_Rural-Scan_NBS/2_Technical_&_Data/library/3_Water_Harvesting/wh_insitu_arid_suitability_method_2014.pdf,wh_insitu_arid_suitability_method_2014.pdf,,,"OA web-search 2026-10-07 found no copy: CITATION MISMATCH: OpenAlex W2000960672 = Mahmoud & Alazba (2014/15) Arab J Geosci, doi 10.1007/s12517-014-1535-3 — not ",wh_insitu_arid_suitability_method_2014
2,C_institutional_access,Automatic + web search found no free copy: download through institutional (university / CGIAR) journal access.,wetland_management,"Darwiche-Criado et al. (2017). Comparing Two Multi-Criteria Methods for Prioritizing Wetland Restoration and Creation Sites Based on Ecological, Biophysical and Socio-Economic Factors. Water Resources Management.",10.1007/s11269-017-1572-2,https://doi.org/10.1007/s11269-017-1572-2,D591_Rural-Scan_NBS/2_Technical_&_Data/library/5_Wetlands_Constructed/mcda_two_methods_wetland_2017.pdf,mcda_two_methods_wetland_2017.pdf,,,OA web-search 2026-10-07 found no copy: Closed (Springer WRM). No Digital.CSIC/Zaguan copy found. Not found.,mcda_two_methods_wetland_2017
2,C_institutional_access,Automatic + web search found no free copy: download through institutional (university / CGIAR) journal access.,wetland_management,Guamán Pintado et al. (2025). Finding suitable locations for in-stream wetland creation/restoration: comparing suitability analysis with machine learning approach&amp;#160;. .,10.5194/egusphere-egu25-17250,https://doi.org/10.5194/egusphere-egu25-17250,D591_Rural-Scan_NBS/2_Technical_&_Data/library/5_Wetlands_Constructed/oa_instream_wetland_creation_suitability_2025.pdf,oa_instream_wetland_creation_suitability_2025.pdf,,,OA web-search 2026-10-07 found no copy: EGU25 conference ABSTRACT only (Copernicus Meetings) - there is no PDF; the open full text is the HTML abstract page htt,oa_instream_wetland_creation_suitability_2025
2,C_institutional_access,Automatic + web search found no free copy: download through institutional (university / CGIAR) journal access.,wetland_management,Zhu et al. (2025). Simulation of the geographical distribution of global potential wetlands under climate change using an ensemble species distribution model. Global Ecology and Conservation.,10.1016/j.gecco.2025.e03862,https://doi.org/10.1016/j.gecco.2025.e03862,D591_Rural-Scan_NBS/2_Technical_&_Data/library/5_Wetlands_Constructed/wet_global_potential_climate_ensemble_2025.pdf,wet_global_potential_climate_ensemble_2025.pdf,,,"OA web-search 2026-10-07 found no copy: Gold OA (publisher version free, CC licence) but publisher host is bot-blocked (Cloudflare/Akamai) to curl+WebFetch and ",wet_global_potential_climate_ensemble_2025
2,C_institutional_access,Automatic + web search found no free copy: download through institutional (university / CGIAR) journal access.,wetland_management,Xiang et al. (2023). Modeling potential wetland distributions in China based on geographic big data and machine learning algorithms. International Journal of Digital Earth.,10.1080/17538947.2023.2256723,https://doi.org/10.1080/17538947.2023.2256723,D591_Rural-Scan_NBS/2_Technical_&_Data/library/5_Wetlands_Constructed/wet_potential_distribution_china_ml_2023.pdf,wet_potential_distribution_china_ml_2023.pdf,,,"OA web-search 2026-10-07 found no copy: Gold OA (publisher version free, CC licence) but publisher host is bot-blocked (Cloudflare/Akamai) to curl+WebFetch and ",wet_potential_distribution_china_ml_2023
2,C_institutional_access,Automatic + web search found no free copy: download through institutional (university / CGIAR) journal access.,wetland_management,Xiang et al. (2023). Mapping potential wetlands by a new framework method using random forest algorithm and big Earth data: A case study in China's Yangtze River Basin. Global Ecology and Conservation.,10.1016/j.gecco.2023.e02397,https://doi.org/10.1016/j.gecco.2023.e02397,D591_Rural-Scan_NBS/2_Technical_&_Data/library/5_Wetlands_Constructed/wet_potential_wetlands_rf_bigdata_2023.pdf,wet_potential_wetlands_rf_bigdata_2023.pdf,,,"OA web-search 2026-10-07 found no copy: Gold OA (publisher version free, CC licence) but publisher host is bot-blocked (Cloudflare/Akamai) to curl+WebFetch and ",wet_potential_wetlands_rf_bigdata_2023
3,B_researchgate_check,"Search ResearchGate / Academia (and Google Scholar) for a free full text; if found, download. Else try institutional access.",agroforestry,Abdulai et al. (2017). Cocoa agroforestry is less resilient to sub‐optimal and extreme climate than cocoa in full sun. Global Change Biology.,10.1111/gcb.13885,https://resolver.sub.uni-goettingen.de/purl?gro-2/76381,D591_Rural-Scan_NBS/2_Technical_&_Data/library/1_Agroforestry/abdulai_2018_cocoa_af_less_resilient.pdf,abdulai_2018_cocoa_af_less_resilient.pdf,,,OA (websearch:researchgate/unverified) — HUMAN CHECK,abdulai_2018_cocoa_af_less_resilient
3,B_researchgate_check,"Search ResearchGate / Academia (and Google Scholar) for a free full text; if found, download. Else try institutional access.",agroforestry,Aiyelaagbe (2001). Productivity of an Intercropped Sweet Orange Orchard in Southwestern Nigeria. Biological Agriculture &amp; Horticulture.,10.1080/01448765.2001.9754895,NA,D591_Rural-Scan_NBS/2_Technical_&_Data/library/1_Agroforestry/aiyelaagbe_2001_econ.pdf,aiyelaagbe_2001_econ.pdf,,,OA (websearch:researchgate/unverified) — HUMAN CHECK,aiyelaagbe_2001_econ
3,B_researchgate_check,"Search ResearchGate / Academia (and Google Scholar) for a free full text; if found, download. Else try institutional access.",agroforestry,"Bado et al. (2021). Improving agricultural productivity using agroforestry systems: Performance of millet, cowpea, and ziziphus-based cropping systems in West Africa Sahel. Agriculture, Ecosystems &amp; Environment.",10.1016/j.agee.2020.107175,,D591_Rural-Scan_NBS/2_Technical_&_Data/library/1_Agroforestry/bado_2021_econ.pdf,bado_2021_econ.pdf,,,OA (websearch:researchgate/unverified) — HUMAN CHECK,bado_2021_econ
3,B_researchgate_check,"Search ResearchGate / Academia (and Google Scholar) for a free full text; if found, download. Else try institutional access.",agroforestry,Bayard et al. (2007). The economics of adoption and management of alley cropping in Haiti. Journal of Environmental Management.,,https://doi.org/10.1016/j.jenvman.2006.05.001,D591_Rural-Scan_NBS/2_Technical_&_Data/library/1_Agroforestry/bayard2006_haiti_alleycrop_econ.pdf,bayard2006_haiti_alleycrop_econ.pdf,,,OA (websearch:researchgate/unverified) — HUMAN CHECK,bayard2006_haiti_alleycrop_econ
3,B_researchgate_check,"Search ResearchGate / Academia (and Google Scholar) for a free full text; if found, download. Else try institutional access.",agroforestry,Blackshaw et al. (1994). Heat stress in cattle and the effect of shade on production and behaviour: a review. Australian Journal of Experimental Agriculture.,10.1071/ea9940285,https://doi.org/10.1071/ea9940285,D591_Rural-Scan_NBS/2_Technical_&_Data/library/1_Agroforestry/blackshaw_1994_shade_heat_stress_cattle_review.pdf,blackshaw_1994_shade_heat_stress_cattle_review.pdf,,,OA (websearch:researchgate/unverified) — HUMAN CHECK,blackshaw_1994_shade_heat_stress_cattle_review
3,B_researchgate_check,"Search ResearchGate / Academia (and Google Scholar) for a free full text; if found, download. Else try institutional access.",agroforestry,Bucagu et al. (2013). Managing Tephrosia mulch and fertilizer to enhance coffee productivity on smallholder farms in the Eastern African Highlands. European Journal of Agronomy.,10.1016/j.eja.2013.02.005,NA,D591_Rural-Scan_NBS/2_Technical_&_Data/library/1_Agroforestry/bucagu_2013_econ.pdf,bucagu_2013_econ.pdf,,,OA (websearch:researchgate/unverified) — HUMAN CHECK,bucagu_2013_econ
3,B_researchgate_check,"Search ResearchGate / Academia (and Google Scholar) for a free full text; if found, download. Else try institutional access.",agroforestry,Caramori et al. (1996). Coffee shade with Mimosa scabrella Benth. for frost protection in southern Brazil. Agroforestry Systems.,10.1007/bf00055423,https://doi.org/10.1007/bf00055423,D591_Rural-Scan_NBS/2_Technical_&_Data/library/1_Agroforestry/caramori_1996.pdf,caramori_1996.pdf,,,OA (websearch:researchgate/unverified) — HUMAN CHECK,caramori_1996
3,B_researchgate_check,"Search ResearchGate / Academia (and Google Scholar) for a free full text; if found, download. Else try institutional access.",agroforestry,Damianidis et al. (2020). Agroforestry as a sustainable land use option to reduce wildfires risk in European Mediterranean areas. Agroforestry Systems.,10.1007/s10457-020-00482-w,http://dspace.lib.cranfield.ac.uk/handle/1826/15053,D591_Rural-Scan_NBS/2_Technical_&_Data/library/1_Agroforestry/damianidis_2021.pdf,damianidis_2021.pdf,,,OA (websearch:researchgate/unverified) — HUMAN CHECK,damianidis_2021
3,B_researchgate_check,"Search ResearchGate / Academia (and Google Scholar) for a free full text; if found, download. Else try institutional access.",agroforestry,"De Beenhouwer et al. (2013). A global meta-analysis of the biodiversity and ecosystem service benefits of coffee and cacao agroforestry. Agriculture, Ecosystems &amp; Environment.",10.1016/j.agee.2013.05.003,https://www.researchgate.net/publication/237061560,D591_Rural-Scan_NBS/2_Technical_&_Data/library/1_Agroforestry/de_beenhouwer_2013.pdf,de_beenhouwer_2013.pdf,,,OA (websearch:researchgate/unverified) — HUMAN CHECK,de_beenhouwer_2013
3,B_researchgate_check,"Search ResearchGate / Academia (and Google Scholar) for a free full text; if found, download. Else try institutional access.",agroforestry,Deniz et al. (2023). A systematic review of the effects of silvopastoral system on thermal environment and dairy cows’ behavioral and physiological responses. International Journal of Biometeorology.,10.1007/s00484-023-02431-5,https://www.researchgate.net/publication/367327661,D591_Rural-Scan_NBS/2_Technical_&_Data/library/1_Agroforestry/deniz_2023.pdf,deniz_2023.pdf,,,OA (websearch:researchgate/unverified) — HUMAN CHECK,deniz_2023
3,B_researchgate_check,"Search ResearchGate / Academia (and Google Scholar) for a free full text; if found, download. Else try institutional access.",agroforestry,"Fadl (2012). Influence of Acacia senegal agroforestry system on growth and yield of sorghum, sesame, roselle and gum in north Kordofan State, Sudan. Journal of Forestry Research.",10.1007/s11676-012-0319-4,NA,D591_Rural-Scan_NBS/2_Technical_&_Data/library/1_Agroforestry/fadl_2013_econ.pdf,fadl_2013_econ.pdf,,,OA (websearch:researchgate/unverified) — HUMAN CHECK,fadl_2013_econ
3,B_researchgate_check,"Search ResearchGate / Academia (and Google Scholar) for a free full text; if found, download. Else try institutional access.",agroforestry,Jemaneh et al. (2026). Agroforestry and smallholder farmers' welfare in sub-Saharan Africa: A systematic review and meta-analysis. Agricultural Systems.,10.1016/j.agsy.2026.104670,https://doi.org/10.1016/j.agsy.2026.104670,D591_Rural-Scan_NBS/2_Technical_&_Data/library/1_Agroforestry/jemaneh_2026.pdf,jemaneh_2026.pdf,,,OA (websearch:researchgate/unverified) — HUMAN CHECK,jemaneh_2026
3,B_researchgate_check,"Search ResearchGate / Academia (and Google Scholar) for a free full text; if found, download. Else try institutional access.",agroforestry,"M. Julius et al. (2019). Rainfall variability, soil heterogeneity, and role of trees in influencing maize productivity—the case from an on-station agroforestry experiment in semi-arid Kenya. Forests, Trees and Livelihood",10.1080/14728028.2019.1685410,https://doi.org/10.1080/14728028.2019.1685410,D591_Rural-Scan_NBS/2_Technical_&_Data/library/1_Agroforestry/julius_2019_rainfall_variability_trees_maize_malawi.pdf,julius_2019_rainfall_variability_trees_maize_malawi.pdf,,,OA (websearch:researchgate/unverified) — HUMAN CHECK,julius_2019_rainfall_variability_trees_maize_malawi
3,B_researchgate_check,"Search ResearchGate / Academia (and Google Scholar) for a free full text; if found, download. Else try institutional access.",agroforestry,"Kim et al. (2016). Carbon sequestration and net emissions of CH4 and N2O under agroforestry: Synthesizing available data and suggestions for future studies. Agriculture, Ecosystems &amp; Environment.",10.1016/j.agee.2016.04.011,https://doi.org/10.1016/j.agee.2016.04.011,D591_Rural-Scan_NBS/2_Technical_&_Data/library/1_Agroforestry/kim_2016.pdf,kim_2016.pdf,,,OA (websearch:researchgate/unverified) — HUMAN CHECK,kim_2016
3,B_researchgate_check,"Search ResearchGate / Academia (and Google Scholar) for a free full text; if found, download. Else try institutional access.",agroforestry,Kormawa et al. (1999). ECONOMIC EVALUATION OF USING MULCH FROM MULTI-PURPOSE TREES IN MAIZE-BASED PRODUCTION SYSTEMS IN SOUTH-WESTERN NIGERIA. Experimental Agriculture.,10.1017/s0014479799001106,NA,D591_Rural-Scan_NBS/2_Technical_&_Data/library/1_Agroforestry/kormawa_1999_econ.pdf,kormawa_1999_econ.pdf,,,OA (websearch:researchgate/unverified) — HUMAN CHECK,kormawa_1999_econ
3,B_researchgate_check,"Search ResearchGate / Academia (and Google Scholar) for a free full text; if found, download. Else try institutional access.",agroforestry,"Ma et al. (2020). Carbon accumulation in agroforestry systems is affected by tree species diversity, age and regional climate: A global meta‐analysis. Global Ecology and Biogeography.",10.1111/geb.13145,https://doi.org/10.1111/geb.13145,D591_Rural-Scan_NBS/2_Technical_&_Data/library/1_Agroforestry/ma_2020.pdf,ma_2020.pdf,,,OA (websearch:researchgate/unverified) — HUMAN CHECK,ma_2020
3,B_researchgate_check,"Search ResearchGate / Academia (and Google Scholar) for a free full text; if found, download. Else try institutional access.",agroforestry,McGuigan et al. (2024). Predictors of tree damage and survival in agroforests after major cyclone disturbance in Fiji. Agroforestry Systems.,10.1007/s10457-024-00970-3,https://doi.org/10.1007/s10457-024-00970-3,D591_Rural-Scan_NBS/2_Technical_&_Data/library/1_Agroforestry/mcguigan_2024.pdf,mcguigan_2024.pdf,,,OA (websearch:researchgate/unverified) — HUMAN CHECK,mcguigan_2024
3,B_researchgate_check,"Search ResearchGate / Academia (and Google Scholar) for a free full text; if found, download. Else try institutional access.",agroforestry,Midega et al. (2014). Cumulative effects and economic benefits of intercropping maize with food legumes on Striga hermonthica infestation. Field Crops Research.,10.1016/j.fcr.2013.09.012,NA,D591_Rural-Scan_NBS/2_Technical_&_Data/library/1_Agroforestry/midega_2014_econ.pdf,midega_2014_econ.pdf,,,OA (websearch:researchgate/unverified) — HUMAN CHECK,midega_2014_econ
3,B_researchgate_check,"Search ResearchGate / Academia (and Google Scholar) for a free full text; if found, download. Else try institutional access.",agroforestry,"Ntawuruhunga et al. (2023). Climate-smart agroforestry systems and practices: A systematic review of what works, what doesn't work, and why. Forest Policy and Economics.",10.1016/j.forpol.2023.102937,https://cgspace.cgiar.org/items/96514734-2cc1-402a-bbb2-8f4ea101b175,D591_Rural-Scan_NBS/2_Technical_&_Data/library/1_Agroforestry/ntawuruhunga_2023.pdf,ntawuruhunga_2023.pdf,,,OA (websearch:researchgate/unverified) — HUMAN CHECK,ntawuruhunga_2023
3,B_researchgate_check,"Search ResearchGate / Academia (and Google Scholar) for a free full text; if found, download. Else try institutional access.",agroforestry,"Pumariño et al. (2015). Effects of agroforestry on pest, disease and weed control: A meta-analysis. Basic and Applied Ecology.",10.1016/j.baae.2015.08.006,https://publications.slu.se/?file=publ/show&id=68757,D591_Rural-Scan_NBS/2_Technical_&_Data/library/1_Agroforestry/pumarino_2015.pdf,pumarino_2015.pdf,,,OA (websearch:researchgate/unverified) — HUMAN CHECK,pumarino_2015
3,B_researchgate_check,"Search ResearchGate / Academia (and Google Scholar) for a free full text; if found, download. Else try institutional access.",agroforestry,Quenol et al. (2006). Impact des haies brise-vent sur le gel printanier en arboriculture. Climatologie.,10.4267/climatologie.663,https://climatology.edpsciences.org/articles/climat/pdf/2006/01/climat20063p9.pdf,D591_Rural-Scan_NBS/2_Technical_&_Data/library/1_Agroforestry/quenol_2006_fr.pdf,quenol_2006_fr.pdf,,,OA (websearch:researchgate/unverified) — HUMAN CHECK,quenol_2006_fr
3,B_researchgate_check,"Search ResearchGate / Academia (and Google Scholar) for a free full text; if found, download. Else try institutional access.",agroforestry,"Reyes, T.;Quiroz, R.;Msikula, S. (2005). Socio-economic comparison between traditional and improved cultivation methods in agroforestry systems, East Usambara Mountains, Tanzania. Environmental Management.",,NA,D591_Rural-Scan_NBS/2_Technical_&_Data/library/1_Agroforestry/reyes_2005_econ.pdf,reyes_2005_econ.pdf,,,OA (websearch:researchgate/unverified) — HUMAN CHECK,reyes_2005_econ
3,B_researchgate_check,"Search ResearchGate / Academia (and Google Scholar) for a free full text; if found, download. Else try institutional access.",agroforestry,"Shi et al. (2018). Agroforestry systems: Meta‐analysis of soil carbon stocks, sequestration processes, and future potentials. Land Degradation &amp; Development.",10.1002/ldr.3136,https://onlinelibrary.wiley.com/doi/pdfdirect/10.1002/ldr.3136,D591_Rural-Scan_NBS/2_Technical_&_Data/library/1_Agroforestry/shi_2018.pdf,shi_2018.pdf,,,OA (websearch:researchgate/unverified) — HUMAN CHECK,shi_2018
3,B_researchgate_check,"Search ResearchGate / Academia (and Google Scholar) for a free full text; if found, download. Else try institutional access.",agroforestry,Sileshi et al. (2008). Meta-analysis of maize yield response to woody and herbaceous legumes in sub-Saharan Africa. Plant and Soil.,10.1007/s11104-008-9547-y,https://www.researchgate.net/publication/225198955,D591_Rural-Scan_NBS/2_Technical_&_Data/library/1_Agroforestry/sileshi_2008.pdf,sileshi_2008.pdf,,,OA (websearch:researchgate/unverified) — HUMAN CHECK,sileshi_2008
3,B_researchgate_check,"Search ResearchGate / Academia (and Google Scholar) for a free full text; if found, download. Else try institutional access.",agroforestry,Sileshi et al. (2011). Integration of legume trees in maize-based cropping systems improves rain use efficiency and yield stability under rain-fed agriculture. Agricultural Water Management.,10.1016/j.agwat.2011.04.002,https://doi.org/10.1016/j.agwat.2011.04.002,D591_Rural-Scan_NBS/2_Technical_&_Data/library/1_Agroforestry/sileshi_2011_legume_trees_yield_stability_agwat.pdf,sileshi_2011_legume_trees_yield_stability_agwat.pdf,,,OA (websearch:researchgate/unverified) — HUMAN CHECK,sileshi_2011_legume_trees_yield_stability_agwat
3,B_researchgate_check,"Search ResearchGate / Academia (and Google Scholar) for a free full text; if found, download. Else try institutional access.",agroforestry,Singh et al. (2018). Review and Case Studies on Biodrainage: An Alternative Drainage System to Manage Waterlogging and Salinity. Irrigation and Drainage.,10.1002/ird.2252,https://doi.org/10.1002/ird.2252,D591_Rural-Scan_NBS/2_Technical_&_Data/library/1_Agroforestry/singh_lal_2018.pdf,singh_lal_2018.pdf,,,OA (websearch:researchgate/unverified) — HUMAN CHECK,singh_lal_2018
3,B_researchgate_check,"Search ResearchGate / Academia (and Google Scholar) for a free full text; if found, download. Else try institutional access.",agroforestry,Zheng et al. (2020). Effect of plant hedgerows on agricultural non-point source pollution: a meta-analysis. Environmental Science and Pollution Research.,10.1007/s11356-020-08988-7,https://doi.org/10.1007/s11356-020-08988-7,D591_Rural-Scan_NBS/2_Technical_&_Data/library/1_Agroforestry/zheng_2020.pdf,zheng_2020.pdf,,,OA (websearch:researchgate/unverified) — HUMAN CHECK,zheng_2020
3,B_researchgate_check,"Search ResearchGate / Academia (and Google Scholar) for a free full text; if found, download. Else try institutional access.",agroforestry,"Zhu et al. (2019). Reductions in water, soil and nutrient losses and pesticide pollution in agroforestry practices: a review of evidence and processes. Plant and Soil.",10.1007/s11104-019-04377-3,https://hal.science/hal-02490364/,D591_Rural-Scan_NBS/2_Technical_&_Data/library/1_Agroforestry/zhu_2019.pdf,zhu_2019.pdf,,,OA (websearch:researchgate/unverified) — HUMAN CHECK,zhu_2019
3,B_researchgate_check,"Search ResearchGate / Academia (and Google Scholar) for a free full text; if found, download. Else try institutional access.",forest_restoration,"Akber et al. (2018). Storm protection service of the Sundarbans mangrove forest, Bangladesh. Natural Hazards.",10.1007/s11069-018-3395-8,https://doi.org/10.1007/s11069-018-3395-8,D591_Rural-Scan_NBS/2_Technical_&_Data/library/2_ForestRestoration/akber_2018_sundarbans_storm_protection.pdf,akber_2018_sundarbans_storm_protection.pdf,,,OA (websearch:researchgate/unverified) — HUMAN CHECK,akber_2018_sundarbans_storm_protection
3,B_researchgate_check,"Search ResearchGate / Academia (and Google Scholar) for a free full text; if found, download. Else try institutional access.",forest_restoration,"Laughlin et al. (2018). Tree Seedling Survival Depends on Canopy Age, Cover and Initial Composition: Trade-offs in Forest Restoration Enrichment Planting. Ecological Restoration.",10.3368/er.36.1.52,https://doi.org/10.3368/er.36.1.52,D591_Rural-Scan_NBS/2_Technical_&_Data/library/2_ForestRestoration/enrichment_planting_seedling_survival_tradeoffs_2018.pdf,enrichment_planting_seedling_survival_tradeoffs_2018.pdf,,,OA (websearch:researchgate/unverified) — HUMAN CHECK,enrichment_planting_seedling_survival_tradeoffs_2018
3,B_researchgate_check,"Search ResearchGate / Academia (and Google Scholar) for a free full text; if found, download. Else try institutional access.",forest_restoration,Rojas (2011). El pago por servicios ambientales y su impacto socioeconómico: El caso del programa de PSA en plantaciones forestales de la zona norte de Costa Rica. Spanish Journal of Rural Development.,10.5261/2011.esp1.01,https://doi.org/10.5261/2011.esp1.01,D591_Rural-Scan_NBS/2_Technical_&_Data/library/2_ForestRestoration/rojas_2011_psa_plantaciones_costa_rica.pdf,rojas_2011_psa_plantaciones_costa_rica.pdf,,,OA (websearch:researchgate/unverified) — HUMAN CHECK,rojas_2011_psa_plantaciones_costa_rica
3,B_researchgate_check,"Search ResearchGate / Academia (and Google Scholar) for a free full text; if found, download. Else try institutional access.",forest_restoration,"Svobodová et al. (2019). Increased sensitivity to drought across successional stages in natural Norway spruce (Picea abies (L.) Karst.) forests of the Calimani Mountains, Romania. Trees.",10.1007/s00468-019-01862-1,https://www.academia.edu/113425782/Increased_sensitivity_to_drought_across_successional_stages_in_natural_Norway_spruce_Picea_abies_L_Karst_forests_of_the_Calimani_Mountains_Romania,D591_Rural-Scan_NBS/2_Technical_&_Data/library/2_ForestRestoration/spruce_drought_succession.pdf,spruce_drought_succession.pdf,,,OA (websearch:researchgate/unverified) — HUMAN CHECK,spruce_drought_succession
3,B_researchgate_check,"Search ResearchGate / Academia (and Google Scholar) for a free full text; if found, download. Else try institutional access.",forest_restoration,Woldearegay et al. (2017). Fostering Food Security and Climate Resilience Through Integrated Landscape Restoration Practices and Rainwater Harvesting/Management in Arid and Semi-arid Areas of Ethiopia. Rainwater-Smart Ag,10.1007/978-3-319-66239-8_3,https://doi.org/10.1007/978-3-319-66239-8_3,D591_Rural-Scan_NBS/2_Technical_&_Data/library/2_ForestRestoration/woldearegay_2017_landscape_restoration_rwh_ethiopia.pdf,woldearegay_2017_landscape_restoration_rwh_ethiopia.pdf,,,OA (websearch:researchgate/unverified) — HUMAN CHECK,woldearegay_2017_landscape_restoration_rwh_ethiopia
3,B_researchgate_check,"Search ResearchGate / Academia (and Google Scholar) for a free full text; if found, download. Else try institutional access.",water_harvesting_conservation,Arnáez et al. (2015). Effects of farming terraces on hydrological and geomorphological processes. A review. CATENA.,10.1016/j.catena.2015.01.021,https://doi.org/10.1016/j.catena.2015.01.021,D591_Rural-Scan_NBS/2_Technical_&_Data/library/3_Water_Harvesting/arnaez_2015.pdf,arnaez_2015.pdf,,,OA (websearch:researchgate/unverified) — HUMAN CHECK,arnaez_2015
3,B_researchgate_check,"Search ResearchGate / Academia (and Google Scholar) for a free full text; if found, download. Else try institutional access.",water_harvesting_conservation,Barron et al. (2005). Run-off water harvesting for dry spell mitigation in maize (Zea mays L.): results from on-farm research in semi-arid Kenya. Agricultural Water Management.,10.1016/j.agwat.2004.11.002,https://doi.org/10.1016/j.agwat.2004.11.002,D591_Rural-Scan_NBS/2_Technical_&_Data/library/3_Water_Harvesting/barron_okwach_2005_dry_spell_mitigation_kenya.pdf,barron_okwach_2005_dry_spell_mitigation_kenya.pdf,,,OA (websearch:researchgate/unverified) — HUMAN CHECK,barron_okwach_2005_dry_spell_mitigation_kenya
3,B_researchgate_check,"Search ResearchGate / Academia (and Google Scholar) for a free full text; if found, download. Else try institutional access.",water_harvesting_conservation,"Biazin et al. (2012). Rainwater harvesting and management in rainfed agricultural systems in sub-Saharan Africa – A review. Physics and Chemistry of the Earth, Parts A/B/C.",10.1016/j.pce.2011.08.015,https://research.wur.nl/en/publications/rainwater-harvesting-and-management-in-rainfed-agricultural-syste,D591_Rural-Scan_NBS/2_Technical_&_Data/library/3_Water_Harvesting/biazin_2012.pdf,biazin_2012.pdf,,,OA (websearch:researchgate/unverified) — HUMAN CHECK,biazin_2012
3,B_researchgate_check,"Search ResearchGate / Academia (and Google Scholar) for a free full text; if found, download. Else try institutional access.",water_harvesting_conservation,"Cárdenas, F.; Taboada, R.; Tafur, J.; Leyva, W.M. (2022). La siembra y cosecha de agua en Apurímac, Ayacucho y Huancavelica: Revisión sistemática de proyectos de desarrollo realizados entre los años 1990 y 2020. Lima: Ce",,https://www.researchgate.net/publication/370716126,D591_Rural-Scan_NBS/2_Technical_&_Data/library/3_Water_Harvesting/cardenas_2022_siembra_cosecha_sr_es.pdf,cardenas_2022_siembra_cosecha_sr_es.pdf,,,OA (websearch:researchgate/unverified) — HUMAN CHECK,cardenas_2022_siembra_cosecha_sr_es
3,B_researchgate_check,"Search ResearchGate / Academia (and Google Scholar) for a free full text; if found, download. Else try institutional access.",water_harvesting_conservation,Constenla-Villoslada et al. (2022). Large-scale land restoration improved drought resilience in Ethiopia’s degraded watersheds. Nature Sustainability.,10.1038/s41893-022-00861-4,https://doi.org/10.1038/s41893-022-00861-4,D591_Rural-Scan_NBS/2_Technical_&_Data/library/3_Water_Harvesting/constenla_2022_land_restoration_drought_ethiopia.pdf,constenla_2022_land_restoration_drought_ethiopia.pdf,,,OA (websearch:researchgate/unverified) — HUMAN CHECK,constenla_2022_land_restoration_drought_ethiopia
3,B_researchgate_check,"Search ResearchGate / Academia (and Google Scholar) for a free full text; if found, download. Else try institutional access.",water_harvesting_conservation,"Dile et al. (2013). The role of water harvesting to achieve sustainable agricultural intensification and resilience against water related shocks in sub-Saharan Africa. Agriculture, Ecosystems &amp; Environment.",10.1016/j.agee.2013.09.014,https://doi.org/10.1016/j.agee.2013.09.014,D591_Rural-Scan_NBS/2_Technical_&_Data/library/3_Water_Harvesting/dile_2013.pdf,dile_2013.pdf,,,OA (websearch:researchgate/unverified) — HUMAN CHECK,dile_2013
3,B_researchgate_check,"Search ResearchGate / Academia (and Google Scholar) for a free full text; if found, download. Else try institutional access.",water_harvesting_conservation,"Said, M. T.; Ameen, F. A. (2016). Effect of Sowing Methods and Microelements Foliar Application on Bread Wheat Productivity and their Economical Feasibility. Egyptian Journal of Agronomy.",,,D591_Rural-Scan_NBS/2_Technical_&_Data/library/3_Water_Harvesting/era_eo0122_said_2016.pdf,era_eo0122_said_2016.pdf,,,"OA web-search 2026-10-07 found no copy: Egyptian J Agronomy (EKB, OA journal) — article not located by search; human check agro.journals.ekb.eg.",era_eo0122_said_2016
3,B_researchgate_check,"Search ResearchGate / Academia (and Google Scholar) for a free full text; if found, download. Else try institutional access.",water_harvesting_conservation,Umar et al. (2012). Are Smallholder Zambian Farmers Economists? A Dual-Analysis of Farmers’ Expenditure in Conservation and Conventional Agriculture Systems. Journal of Sustainable Agriculture.,10.1080/10440046.2012.661700,https://doi.org/10.1080/10440046.2012.661700,D591_Rural-Scan_NBS/2_Technical_&_Data/library/3_Water_Harvesting/era_hk0259_umar_2012.pdf,era_hk0259_umar_2012.pdf,,,OA (websearch:researchgate/unverified) — HUMAN CHECK,era_hk0259_umar_2012
3,B_researchgate_check,"Search ResearchGate / Academia (and Google Scholar) for a free full text; if found, download. Else try institutional access.",water_harvesting_conservation,"Adgo et al. (2013). Impacts of long-term soil and water conservation on agricultural productivity: The case of Anjenie watershed, Ethiopia. Agricultural Water Management.",10.1016/j.agwat.2012.10.026,https://doi.org/10.1016/j.agwat.2012.10.026,D591_Rural-Scan_NBS/2_Technical_&_Data/library/3_Water_Harvesting/era_js0241_adgo_2013.pdf,era_js0241_adgo_2013.pdf,,,OA (websearch:researchgate/unverified) — HUMAN CHECK,era_js0241_adgo_2013
3,B_researchgate_check,"Search ResearchGate / Academia (and Google Scholar) for a free full text; if found, download. Else try institutional access.",water_harvesting_conservation,"Abubaker, B. M. A.; Yu, S. E.; Shao, G. C.; Alhadi, M. (2014). IMPACT OF DIFFERENT WATER HARVESTING TECHNIQUES ON SOIL MOISTURE CONTENT AND YIELD COMPONENTS OF SORGHUM. Pakistan Journal of Agricultural Sciences.",,,D591_Rural-Scan_NBS/2_Technical_&_Data/library/3_Water_Harvesting/era_nj0007_abubaker_2014.pdf,era_nj0007_abubaker_2014.pdf,,,OA web-search 2026-10-07 found no copy: Pak J Agri Sci 2014; no hosted PDF found (pakjas site not indexed); human check journal site.,era_nj0007_abubaker_2014
3,B_researchgate_check,"Search ResearchGate / Academia (and Google Scholar) for a free full text; if found, download. Else try institutional access.",water_harvesting_conservation,"CHIROMA et al. (2006). SOIL WATER CONSERVATION, GROWTH, YIELD AND WATER USE EFFICIENCY OF SORGHUM AS AFFECTED BY LAND CONFIGURATION AND WOOD-SHAVINGS MULCH IN SEMI-ARID NORTHEAST NIGERIA. Experimental Agriculture.",10.1017/s0014479705003376,https://doi.org/10.1017/s0014479705003376,D591_Rural-Scan_NBS/2_Technical_&_Data/library/3_Water_Harvesting/era_nn0102_chiroma_2006.pdf,era_nn0102_chiroma_2006.pdf,,,OA web-search 2026-10-07 found no copy: ResearchGate listing says no full text; no other copy.,era_nn0102_chiroma_2006
3,B_researchgate_check,"Search ResearchGate / Academia (and Google Scholar) for a free full text; if found, download. Else try institutional access.",water_harvesting_conservation,Fox et al. (2005). Risk analysis and economic viability of water harvesting for supplemental irrigation in semi-arid Burkina Faso and Kenya. Agricultural Systems.,10.1016/j.agsy.2004.04.002,https://doi.org/10.1016/j.agsy.2004.04.002,D591_Rural-Scan_NBS/2_Technical_&_Data/library/3_Water_Harvesting/era_nn0259_fox_2005.pdf,era_nn0259_fox_2005.pdf,,,OA (websearch:researchgate/unverified) — HUMAN CHECK,era_nn0259_fox_2005
3,B_researchgate_check,"Search ResearchGate / Academia (and Google Scholar) for a free full text; if found, download. Else try institutional access.",water_harvesting_conservation,Mo et al. (2017). Ridge-furrow plastic-mulching with balanced fertilization in rainfed maize (Zea mays L.): An adaptive management in east African Plateau. Agricultural and Forest Meteorology.,10.1016/j.agrformet.2017.01.014,https://doi.org/10.1016/j.agrformet.2017.01.014,D591_Rural-Scan_NBS/2_Technical_&_Data/library/3_Water_Harvesting/era_nn0385_mo_2017.pdf,era_nn0385_mo_2017.pdf,,,OA (websearch:researchgate/unverified) — HUMAN CHECK,era_nn0385_mo_2017
3,B_researchgate_check,"Search ResearchGate / Academia (and Google Scholar) for a free full text; if found, download. Else try institutional access.",water_harvesting_conservation,Glendenning et al. (2012). Balancing watershed and local scale impacts of rain water harvesting in India—A review. Agricultural Water Management.,10.1016/j.agwat.2012.01.011,https://doi.org/10.1016/j.agwat.2012.01.011,D591_Rural-Scan_NBS/2_Technical_&_Data/library/3_Water_Harvesting/glendenning_2012.pdf,glendenning_2012.pdf,,,OA (websearch:researchgate/unverified) — HUMAN CHECK,glendenning_2012
3,B_researchgate_check,"Search ResearchGate / Academia (and Google Scholar) for a free full text; if found, download. Else try institutional access.",water_harvesting_conservation,Kassie et al. (2008). Estimating returns to soil conservation adoption in the northern Ethiopian highlands. Agricultural Economics.,10.1111/j.1574-0862.2008.00295.x,https://doi.org/10.1111/j.1574-0862.2008.00295.x,D591_Rural-Scan_NBS/2_Technical_&_Data/library/3_Water_Harvesting/kassie_2008_stone_bunds_returns_ethiopia.pdf,kassie_2008_stone_bunds_returns_ethiopia.pdf,,,OA (websearch:researchgate/unverified) — HUMAN CHECK,kassie_2008_stone_bunds_returns_ethiopia
3,B_researchgate_check,"Search ResearchGate / Academia (and Google Scholar) for a free full text; if found, download. Else try institutional access.",water_harvesting_conservation,Kassie et al. (2014). Production Risks and Food Security under Alternative Technology Choices in Malawi: Application of a Multinomial Endogenous Switching Regression. Journal of Agricultural Economics.,10.1111/1477-9552.12099,https://doi.org/10.1111/1477-9552.12099,D591_Rural-Scan_NBS/2_Technical_&_Data/library/3_Water_Harvesting/kassie_2015_production_risk_malawi.pdf,kassie_2015_production_risk_malawi.pdf,,,OA (websearch:researchgate/unverified) — HUMAN CHECK,kassie_2015_production_risk_malawi
3,B_researchgate_check,"Search ResearchGate / Academia (and Google Scholar) for a free full text; if found, download. Else try institutional access.",water_harvesting_conservation,Kato et al. (2011). Soil and water conservation technologies: a buffer against production risk in the face of climate change? Insights from the Nile basin in Ethiopia. Agricultural Economics.,10.1111/j.1574-0862.2011.00539.x,https://doi.org/10.1111/j.1574-0862.2011.00539.x,D591_Rural-Scan_NBS/2_Technical_&_Data/library/3_Water_Harvesting/kato_2011.pdf,kato_2011.pdf,,,OA (websearch:researchgate/unverified) — HUMAN CHECK,kato_2011
3,B_researchgate_check,"Search ResearchGate / Academia (and Google Scholar) for a free full text; if found, download. Else try institutional access.",water_harvesting_conservation,Kidane et al. (2019). Conservation Agriculture and Maize Production Risk: The Case of Mozambique Smallholders. Agronomy Journal.,10.2134/agronj2018.05.0331,https://doi.org/10.2134/agronj2018.05.0331,D591_Rural-Scan_NBS/2_Technical_&_Data/library/3_Water_Harvesting/kidane_2019_ca_production_risk_mozambique.pdf,kidane_2019_ca_production_risk_mozambique.pdf,,,OA (websearch:researchgate/unverified) — HUMAN CHECK,kidane_2019_ca_production_risk_mozambique
3,B_researchgate_check,"Search ResearchGate / Academia (and Google Scholar) for a free full text; if found, download. Else try institutional access.",water_harvesting_conservation,Schiettecatte et al. (2005). Impact of water harvesting techniques on soil and water conservation: a case study on a micro catchment in southeastern Tunisia. Journal of Arid Environments.,10.1016/j.jaridenv.2004.09.022,https://doi.org/10.1016/j.jaridenv.2004.09.022,D591_Rural-Scan_NBS/2_Technical_&_Data/library/3_Water_Harvesting/prinz_2004_microcatchment_swc.pdf,prinz_2004_microcatchment_swc.pdf,,,OA (websearch:researchgate/unverified) — HUMAN CHECK,prinz_2004_microcatchment_swc
3,B_researchgate_check,"Search ResearchGate / Academia (and Google Scholar) for a free full text; if found, download. Else try institutional access.",water_harvesting_conservation,"Setimela et al. (2018). When the going gets tough: Performance of stress tolerant maize during the 2015/16 (El Niño) and 2016/17 (La Niña) season in southern Africa. Agriculture, Ecosystems &amp; Environment.",10.1016/j.agee.2018.09.006,https://doi.org/10.1016/j.agee.2018.09.006,D591_Rural-Scan_NBS/2_Technical_&_Data/library/3_Water_Harvesting/setimela_2018_el_nino_ca_maize.pdf,setimela_2018_el_nino_ca_maize.pdf,,,OA (websearch:researchgate/unverified) — HUMAN CHECK,setimela_2018_el_nino_ca_maize
3,B_researchgate_check,"Search ResearchGate / Academia (and Google Scholar) for a free full text; if found, download. Else try institutional access.",wetland_management,Newbold (2005). A combined hydrologic simulation and landscape design model to prioritize sites for wetlands restoration. Environmental Modeling &amp; Assessment.,10.1007/s10666-005-9002-x,https://doi.org/10.1007/s10666-005-9002-x,D591_Rural-Scan_NBS/2_Technical_&_Data/library/5_Wetlands_Constructed/combined_hydro_landscape_2005.pdf,combined_hydro_landscape_2005.pdf,,,OA (websearch:researchgate/unverified) — HUMAN CHECK,combined_hydro_landscape_2005
3,B_researchgate_check,"Search ResearchGate / Academia (and Google Scholar) for a free full text; if found, download. Else try institutional access.",wetland_management,Dohong et al. (2018). A Review of Techniques for Effective Tropical Peatland Restoration. Wetlands.,10.1007/s13157-018-1017-6,https://doi.org/10.1007/s13157-018-1017-6,D591_Rural-Scan_NBS/2_Technical_&_Data/library/5_Wetlands_Constructed/dohong_tropical_restoration_techniques_review_2018.pdf,dohong_tropical_restoration_techniques_review_2018.pdf,,,OA (websearch:researchgate/unverified) — HUMAN CHECK,dohong_tropical_restoration_techniques_review_2018
3,B_researchgate_check,"Search ResearchGate / Academia (and Google Scholar) for a free full text; if found, download. Else try institutional access.",wetland_management,"Odgaard et al. (2017). A multi-criteria, ecosystem-service value method used to assess catchment suitability for potential wetland reconstruction in Denmark. Ecological Indicators.",10.1016/j.ecolind.2016.12.001,https://doi.org/10.1016/j.ecolind.2016.12.001,D591_Rural-Scan_NBS/2_Technical_&_Data/library/5_Wetlands_Constructed/wet_catchment_es_suitability_ecoind_2017.pdf,wet_catchment_es_suitability_ecoind_2017.pdf,,,OA (websearch:researchgate/unverified) — HUMAN CHECK,wet_catchment_es_suitability_ecoind_2017
