decision_id,status,owner,raised,question,options,recommendation,decided,decided_on,record
D6_graded_discount,open,Pete,2026-10-07,"Confirm the graded hazard-intensity discount (replaced the rejected hard cap): measured same-hazard failures scale a T3 class by their evidence share, floor low.","keep | tune the share-to-class step | revert","keep",,,methodology/decisions/2026-10-06_wh_evidence_decisions.md#decision-6
D1_ratings_vs_syntheses,open,Pete,2026-10-07,"Should measured syntheses outrank WOCAT compiler ratings when they disagree on DIRECTION? (forest-restoration water stress: 12 ratings + 2 studies say more water; 3 measured syntheses say less; class follows the majority).","A keep weighted vote (D1) | B measured syntheses set direction on disagreement | C discount ratings further","B worth a look; A is the standing D1 choice",,,methodology/decisions/2026-10-06_wh_evidence_decisions.md#petes-answers-2026-10-07
landslide_livelihood_cell,parked,Pete,2026-10-07,"Landslide as a livelihood hazard (option A) — needs an M2 landslide hazard layer; 15 effect units sit under erosion meanwhile.","A add livelihood cell + M2 layer | B asset-only (current)","revisit when M2 scopes hazard layers",B for now,2026-10-07,methodology/decisions/2026-10-06_wh_evidence_decisions.md#8b
lens_first_run,parked,Pete,2026-10-07,"First Lens.org discovery run (WH + AF drought-year gap, FR grey/tool gap) — needs a free LENS_TOKEN and a 'run'. AGRIS queries can be handed to Namita.","run now | later","later (bookmarked by Pete)",,,methodology/search_protocol.md#bibliographic-sources-2026-10-07-from-the-ilri-umbrella-review-protocol
severity_banded_T3,parked,Pete + M5,2026-10-07,"Severity-banded T3 class (one class per hazard severity band) instead of one class + severity coverage note.","keep one class + coverage (current) | band the class","only if Module 5 asks",,,methodology/decisions/2026-10-06_wh_evidence_decisions.md#decision-7
D7_severity_tag,decided,Pete,2026-10-07,Tag author-stated hazard severity on every hazard unit; discount ignores mild failures; severe-end coverage stated per row.,"option 2 (tag) | option 3 (banded class)",2,7 ok,2026-10-07,methodology/decisions/2026-10-06_wh_evidence_decisions.md#decision-7
D8a_modelled_cap,decided,Pete,2026-10-07,Cap a class at moderate when only modelled results set its strength.,"A leave | B cap | C one-finding-one-unit",B,B,2026-10-07,methodology/decisions/2026-10-06_wh_evidence_decisions.md#decision-8
D8_effect_locus,decided,Pete,2026-10-07,Forest restoration never on farmland: stamp off-site effects per family.,—,—,applied,2026-10-07,methodology/decisions/2026-10-06_wh_evidence_decisions.md#petes-answers-2026-10-07
D8b_landslide_asset,decided,Pete,2026-10-07,Landslide as an asset-threat-only hazard.,"A livelihood | B asset-only | C leave",B,B for now,2026-10-07,methodology/decisions/2026-10-06_wh_evidence_decisions.md#8b
PICOS_existing_forest,decided,Pete,2026-10-06,Existing-forest / forest-loss studies in forest-restoration tables.,"A keep with note | B keep out of roll-up | C demote",B,B,2026-10-07,methodology/decisions/2026-10-06_fr_picos_existing_forest.md
WOCAT_D1_D5,decided,Pete,2026-10-06,"WOCAT round decisions D1–D5 (weighted vote, coping in asset rows, physical damage only, mechanism for carbon/diversity ratings, conservation tillage in in_situ).",—,—,"D1 A, D2 keep, D3 A, D4 rows 1–2 ok, D5 A",2026-10-06,methodology/decisions/2026-10-06_wh_evidence_decisions.md
