record_id,nbs_id,hazard_type,farming_system,mitigation_potential,mitigation_mechanism,confidence,timescale_of_effect,landscape_scale_only,caveats,justification,risk_role,evidence_ids,suitability_family_id,scope_type,scope_id,applicability,family_spread,evidence_level,agreement_level,context_dependent,asset_sensitivity,asset_risk_weight
riparian_buffer__flood__all,riparian_buffer,flood,all,low,"[prose pending] riparian_buffer reduces the impact of flood (strength not quantified in the evidence) in temperate_europe (limited evidence, high agreement → medium confidence; transfer: out_of_context).",medium,,false,,"{""statement"": ""riparian_buffer reduces the impact of flood (strength not quantified in the evidence) in temperate_europe (limited evidence, high agreement → medium confidence; transfer: out_of_context)."", ""strength_basis"": ""direction_only"", ""evidence_summary"": [""latam_riparian_forest_buffers_2019 · case_study · floods (and stream drying, altered river dynamics) associated with riparian forest LOSS; direction on flood hazard as riparian forest is lost · positive/unspecified · (MEX; upper_middle) · [ev_flood_hazard_meli19_4]"", ""managing_buffer_strips_es_review_2020 · flow of water to receiving water bodies slowed (infiltration, lower flow velocity, temporary storage) · negative/unspecified · (GBR; high; temperate_europe) · [ev_flood_hazard_cole20_1]"", ""managing_buffer_strips_es_review_2020 · flood defence under moderate flooding; mature woodland more effective · negative/unspecified · (GBR; high; temperate_europe) · [ev_flood_hazard_cole20_2]""], ""agreement_note"": ""weighted sign agreement 1.0: positive 3 ['ev_flood_hazard_meli19_4', 'ev_flood_hazard_cole20_1', 'ev_flood_hazard_cole20_2']; negative 0 []; null 0 []."", ""proxies"": [], ""key_evidence_ids"": [""ev_flood_hazard_meli19_4"", ""ev_flood_hazard_cole20_1"", ""ev_flood_hazard_cole20_2""], ""source_mix"": {""peer_reviewed"": 3, ""grey"": 0, ""expert"": 0}, ""prose_pending"": true}",livelihood_mitigation,"[""ev_flood_hazard_meli19_4"", ""ev_flood_hazard_cole20_1"", ""ev_flood_hazard_cole20_2""]",,,,"{""income_groups"": {""high"": 1, ""upper_middle"": 1}, ""aezs"": {""temperate_europe"": 1, ""unknown"": 1}, ""farming_systems"": {""unknown"": 2}, ""countries"": [""GBR"", ""MEX""], ""n_sources_in_scope"": 2, ""weight_share_in_context"": 0.0, ""target"": {""income_group"": ""lic_lmic""}, ""transfer_class"": ""out_of_context""}",false,limited,high,false,,
riparian_buffer__natural_restored__flood__all,riparian_buffer,flood,all,low,"[prose pending] riparian_buffer reduces the impact of flood (strength not quantified in the evidence) in MEX (limited evidence, high agreement → medium confidence; transfer: adjacent).",medium,,false,,"{""statement"": ""riparian_buffer reduces the impact of flood (strength not quantified in the evidence) in MEX (limited evidence, high agreement → medium confidence; transfer: adjacent)."", ""strength_basis"": ""direction_only"", ""evidence_summary"": [""latam_riparian_forest_buffers_2019 · case_study · floods (and stream drying, altered river dynamics) associated with riparian forest LOSS; direction on flood hazard as riparian forest is lost · positive/unspecified · (MEX; upper_middle) · [ev_flood_hazard_meli19_4]""], ""agreement_note"": ""weighted sign agreement 1.0: positive 1 ['ev_flood_hazard_meli19_4']; negative 0 []; null 0 []."", ""proxies"": [], ""key_evidence_ids"": [""ev_flood_hazard_meli19_4""], ""source_mix"": {""peer_reviewed"": 1, ""grey"": 0, ""expert"": 0}, ""prose_pending"": true}",livelihood_mitigation,"[""ev_flood_hazard_meli19_4""]",riparian_buffer__natural_restored,,,"{""income_groups"": {""upper_middle"": 1}, ""aezs"": {""unknown"": 1}, ""farming_systems"": {""unknown"": 1}, ""countries"": [""MEX""], ""n_sources_in_scope"": 1, ""weight_share_in_context"": 0.0, ""target"": {""income_group"": ""lic_lmic""}, ""transfer_class"": ""adjacent""}",false,limited,high,false,,
riparian_buffer__planted__flood__all,riparian_buffer,flood,all,low,"[prose pending] riparian_buffer reduces the impact of flood (strength not quantified in the evidence) in temperate_europe (limited evidence, high agreement → medium confidence; transfer: out_of_context).",medium,,false,,"{""statement"": ""riparian_buffer reduces the impact of flood (strength not quantified in the evidence) in temperate_europe (limited evidence, high agreement → medium confidence; transfer: out_of_context)."", ""strength_basis"": ""direction_only"", ""evidence_summary"": [""managing_buffer_strips_es_review_2020 · flow of water to receiving water bodies slowed (infiltration, lower flow velocity, temporary storage) · negative/unspecified · (GBR; high; temperate_europe) · [ev_flood_hazard_cole20_1]"", ""managing_buffer_strips_es_review_2020 · flood defence under moderate flooding; mature woodland more effective · negative/unspecified · (GBR; high; temperate_europe) · [ev_flood_hazard_cole20_2]""], ""agreement_note"": ""weighted sign agreement 1.0: positive 2 ['ev_flood_hazard_cole20_1', 'ev_flood_hazard_cole20_2']; negative 0 []; null 0 []."", ""proxies"": [], ""key_evidence_ids"": [""ev_flood_hazard_cole20_1"", ""ev_flood_hazard_cole20_2""], ""source_mix"": {""peer_reviewed"": 2, ""grey"": 0, ""expert"": 0}, ""prose_pending"": true}",livelihood_mitigation,"[""ev_flood_hazard_cole20_1"", ""ev_flood_hazard_cole20_2""]",riparian_buffer__planted,,,"{""income_groups"": {""high"": 1}, ""aezs"": {""temperate_europe"": 1}, ""farming_systems"": {""unknown"": 1}, ""countries"": [""GBR""], ""n_sources_in_scope"": 1, ""weight_share_in_context"": 0.0, ""target"": {""income_group"": ""lic_lmic""}, ""transfer_class"": ""out_of_context""}",false,limited,high,false,,
riparian_buffer__flood__cropping_rainfed,riparian_buffer,flood,cropping_rainfed,low,"[prose pending] riparian_buffer reduces the impact of flood (strength not quantified in the evidence) in temperate_europe (limited evidence, high agreement → medium confidence; transfer: out_of_context).",medium,,false,,"{""statement"": ""riparian_buffer reduces the impact of flood (strength not quantified in the evidence) in temperate_europe (limited evidence, high agreement → medium confidence; transfer: out_of_context)."", ""strength_basis"": ""direction_only"", ""evidence_summary"": [""latam_riparian_forest_buffers_2019 · case_study · floods (and stream drying, altered river dynamics) associated with riparian forest LOSS; direction on flood hazard as riparian forest is lost · positive/unspecified · (MEX; upper_middle) · [ev_flood_hazard_meli19_4]"", ""managing_buffer_strips_es_review_2020 · flow of water to receiving water bodies slowed (infiltration, lower flow velocity, temporary storage) · negative/unspecified · (GBR; high; temperate_europe) · [ev_flood_hazard_cole20_1]"", ""managing_buffer_strips_es_review_2020 · flood defence under moderate flooding; mature woodland more effective · negative/unspecified · (GBR; high; temperate_europe) · [ev_flood_hazard_cole20_2]""], ""agreement_note"": ""weighted sign agreement 1.0: positive 3 ['ev_flood_hazard_meli19_4', 'ev_flood_hazard_cole20_1', 'ev_flood_hazard_cole20_2']; negative 0 []; null 0 []."", ""proxies"": [], ""key_evidence_ids"": [""ev_flood_hazard_meli19_4"", ""ev_flood_hazard_cole20_1"", ""ev_flood_hazard_cole20_2""], ""source_mix"": {""peer_reviewed"": 3, ""grey"": 0, ""expert"": 0}, ""prose_pending"": true}",livelihood_mitigation,"[""ev_flood_hazard_meli19_4"", ""ev_flood_hazard_cole20_1"", ""ev_flood_hazard_cole20_2""]",,,,"{""income_groups"": {""high"": 1, ""upper_middle"": 1}, ""aezs"": {""temperate_europe"": 1, ""unknown"": 1}, ""farming_systems"": {""unknown"": 2}, ""countries"": [""GBR"", ""MEX""], ""n_sources_in_scope"": 2, ""weight_share_in_context"": 0.0, ""target"": {""income_group"": ""lic_lmic""}, ""transfer_class"": ""out_of_context""}",false,limited,high,false,,
riparian_buffer__natural_restored__flood__cropping_rainfed,riparian_buffer,flood,cropping_rainfed,low,"[prose pending] riparian_buffer reduces the impact of flood (strength not quantified in the evidence) in MEX (limited evidence, high agreement → medium confidence; transfer: adjacent).",medium,,false,,"{""statement"": ""riparian_buffer reduces the impact of flood (strength not quantified in the evidence) in MEX (limited evidence, high agreement → medium confidence; transfer: adjacent)."", ""strength_basis"": ""direction_only"", ""evidence_summary"": [""latam_riparian_forest_buffers_2019 · case_study · floods (and stream drying, altered river dynamics) associated with riparian forest LOSS; direction on flood hazard as riparian forest is lost · positive/unspecified · (MEX; upper_middle) · [ev_flood_hazard_meli19_4]""], ""agreement_note"": ""weighted sign agreement 1.0: positive 1 ['ev_flood_hazard_meli19_4']; negative 0 []; null 0 []."", ""proxies"": [], ""key_evidence_ids"": [""ev_flood_hazard_meli19_4""], ""source_mix"": {""peer_reviewed"": 1, ""grey"": 0, ""expert"": 0}, ""prose_pending"": true}",livelihood_mitigation,"[""ev_flood_hazard_meli19_4""]",riparian_buffer__natural_restored,,,"{""income_groups"": {""upper_middle"": 1}, ""aezs"": {""unknown"": 1}, ""farming_systems"": {""unknown"": 1}, ""countries"": [""MEX""], ""n_sources_in_scope"": 1, ""weight_share_in_context"": 0.0, ""target"": {""income_group"": ""lic_lmic""}, ""transfer_class"": ""adjacent""}",false,limited,high,false,,
riparian_buffer__planted__flood__cropping_rainfed,riparian_buffer,flood,cropping_rainfed,low,"[prose pending] riparian_buffer reduces the impact of flood (strength not quantified in the evidence) in temperate_europe (limited evidence, high agreement → medium confidence; transfer: out_of_context).",medium,,false,,"{""statement"": ""riparian_buffer reduces the impact of flood (strength not quantified in the evidence) in temperate_europe (limited evidence, high agreement → medium confidence; transfer: out_of_context)."", ""strength_basis"": ""direction_only"", ""evidence_summary"": [""managing_buffer_strips_es_review_2020 · flow of water to receiving water bodies slowed (infiltration, lower flow velocity, temporary storage) · negative/unspecified · (GBR; high; temperate_europe) · [ev_flood_hazard_cole20_1]"", ""managing_buffer_strips_es_review_2020 · flood defence under moderate flooding; mature woodland more effective · negative/unspecified · (GBR; high; temperate_europe) · [ev_flood_hazard_cole20_2]""], ""agreement_note"": ""weighted sign agreement 1.0: positive 2 ['ev_flood_hazard_cole20_1', 'ev_flood_hazard_cole20_2']; negative 0 []; null 0 []."", ""proxies"": [], ""key_evidence_ids"": [""ev_flood_hazard_cole20_1"", ""ev_flood_hazard_cole20_2""], ""source_mix"": {""peer_reviewed"": 2, ""grey"": 0, ""expert"": 0}, ""prose_pending"": true}",livelihood_mitigation,"[""ev_flood_hazard_cole20_1"", ""ev_flood_hazard_cole20_2""]",riparian_buffer__planted,,,"{""income_groups"": {""high"": 1}, ""aezs"": {""temperate_europe"": 1}, ""farming_systems"": {""unknown"": 1}, ""countries"": [""GBR""], ""n_sources_in_scope"": 1, ""weight_share_in_context"": 0.0, ""target"": {""income_group"": ""lic_lmic""}, ""transfer_class"": ""out_of_context""}",false,limited,high,false,,
riparian_buffer__asset_threat__flood,riparian_buffer,flood,all,,"[prose pending] riparian_buffer is slightly damaged by flood in temperate_europe (limited evidence, medium agreement → low confidence; transfer: out_of_context).",low,,false,,"{""statement"": ""riparian_buffer is slightly damaged by flood in temperate_europe (limited evidence, medium agreement → low confidence; transfer: out_of_context)."", ""strength_basis"": ""direction_only"", ""evidence_summary"": [""multispecies_buffer_design_placement_1995 · case_study · no breaching / no major damage to the buffer from 1993 flood inundation and floating debris · none/unspecified · (USA; high; cropping_rainfed) · [ev_flood_hazard_schultz95_1]"", ""managing_buffer_strips_es_review_2020 · flood disturbance causes breakage, buckling or uprooting of buffer plants; flexible-stemmed plants resist and recover better · positive/unspecified · (GBR; high; temperate_europe) · [ev_flood_hazard_cole20_3]""], ""agreement_note"": ""weighted sign agreement 0.7: positive 1 ['ev_flood_hazard_cole20_3']; negative 0 []; null 1 ['ev_flood_hazard_schultz95_1']."", ""proxies"": [], ""key_evidence_ids"": [""ev_flood_hazard_schultz95_1"", ""ev_flood_hazard_cole20_3""], ""source_mix"": {""peer_reviewed"": 2, ""grey"": 0, ""expert"": 0}, ""prose_pending"": true}",asset_threat,"[""ev_flood_hazard_schultz95_1"", ""ev_flood_hazard_cole20_3""]",,,,"{""income_groups"": {""high"": 2}, ""aezs"": {""temperate_europe"": 1, ""unknown"": 1}, ""farming_systems"": {""cropping_rainfed"": 1, ""unknown"": 1}, ""countries"": [""GBR"", ""USA""], ""n_sources_in_scope"": 2, ""weight_share_in_context"": 0.0, ""target"": {""income_group"": ""lic_lmic""}, ""transfer_class"": ""out_of_context""}",false,limited,medium,false,low,
riparian_buffer__natural_restored__asset_threat__flood,riparian_buffer,flood,all,,"[prose pending] riparian_buffer is slightly damaged by flood in temperate_europe (limited evidence, high agreement → medium confidence; transfer: out_of_context).",medium,,false,,"{""statement"": ""riparian_buffer is slightly damaged by flood in temperate_europe (limited evidence, high agreement → medium confidence; transfer: out_of_context)."", ""strength_basis"": ""direction_only"", ""evidence_summary"": [""managing_buffer_strips_es_review_2020 · flood disturbance causes breakage, buckling or uprooting of buffer plants; flexible-stemmed plants resist and recover better · positive/unspecified · (GBR; high; temperate_europe) · [ev_flood_hazard_cole20_3]""], ""agreement_note"": ""weighted sign agreement 1.0: positive 1 ['ev_flood_hazard_cole20_3']; negative 0 []; null 0 []."", ""proxies"": [], ""key_evidence_ids"": [""ev_flood_hazard_cole20_3""], ""source_mix"": {""peer_reviewed"": 1, ""grey"": 0, ""expert"": 0}, ""prose_pending"": true}",asset_threat,"[""ev_flood_hazard_cole20_3""]",riparian_buffer__natural_restored,,,"{""income_groups"": {""high"": 1}, ""aezs"": {""temperate_europe"": 1}, ""farming_systems"": {""unknown"": 1}, ""countries"": [""GBR""], ""n_sources_in_scope"": 1, ""weight_share_in_context"": 0.0, ""target"": {""income_group"": ""lic_lmic""}, ""transfer_class"": ""out_of_context""}",false,limited,high,false,low,
riparian_buffer__planted__asset_threat__flood,riparian_buffer,flood,all,,"[prose pending] riparian_buffer is not damaged by flood in USA (limited evidence, high agreement → medium confidence; transfer: out_of_context).",medium,,false,,"{""statement"": ""riparian_buffer is not damaged by flood in USA (limited evidence, high agreement → medium confidence; transfer: out_of_context)."", ""strength_basis"": ""direction_only"", ""evidence_summary"": [""multispecies_buffer_design_placement_1995 · case_study · no breaching / no major damage to the buffer from 1993 flood inundation and floating debris · none/unspecified · (USA; high; cropping_rainfed) · [ev_flood_hazard_schultz95_1]""], ""agreement_note"": ""weighted sign agreement 1.0: positive 0 []; negative 0 []; null 1 ['ev_flood_hazard_schultz95_1']."", ""proxies"": [], ""key_evidence_ids"": [""ev_flood_hazard_schultz95_1""], ""source_mix"": {""peer_reviewed"": 1, ""grey"": 0, ""expert"": 0}, ""prose_pending"": true}",asset_threat,"[""ev_flood_hazard_schultz95_1""]",riparian_buffer__planted,,,"{""income_groups"": {""high"": 1}, ""aezs"": {""unknown"": 1}, ""farming_systems"": {""cropping_rainfed"": 1}, ""countries"": [""USA""], ""n_sources_in_scope"": 1, ""weight_share_in_context"": 0.0, ""target"": {""income_group"": ""lic_lmic""}, ""transfer_class"": ""out_of_context""}",false,limited,high,false,none,
